xiaoqu,total_price,unit_price,region,build_area,house_area,room,orientations,guapai_time,url
万寿路西街9号,760,110369,万寿路,68.86㎡,暂无数据,2室1厅1厨1卫,南 北,2018-06-06,https://bj.ke.com/ershoufang/101102949685.html
万寿路西街11号院,780,110154,万寿路,70.81㎡,暂无数据,2室1厅1厨1卫,东 西,2018-06-18,https://bj.ke.com/ershoufang/101102991502.html
尚品公寓,700,73654,上地,95.04㎡,67.19㎡,2室1厅1厨1卫,西北,2017-02-24,https://bj.ke.com/ershoufang/101101230189.html
怡美家园,650,73133,上地,88.88㎡,88.88㎡,2室1厅1厨1卫,南 北,2018-03-26,https://bj.ke.com/ershoufang/101102701182.html
怡美家园,680,72379,上地,93.95㎡,暂无数据,2室1厅1厨1卫,南 北,2018-04-09,https://bj.ke.com/ershoufang/101102752131.html
当代城市家园,800,87375,上地,91.56㎡,75.28㎡,2室1厅1厨1卫,南 北,2018-05-05,https://bj.ke.com/ershoufang/101102841112.html
怡美家园,790,70681,上地,111.77㎡,暂无数据,2室2厅1厨2卫,南 北,2018-05-14,https://bj.ke.com/ershoufang/101102870583.html
怡美家园,750,67049,上地,111.86㎡,100.67㎡,2室2厅1厨2卫,南 北,2018-05-30,https://bj.ke.com/ershoufang/101102923753.html
怡美家园,665,68607,上地,96.93㎡,88.2㎡,2室1厅1厨1卫,南 东北,2018-06-09,https://bj.ke.com/ershoufang/101102960522.html
怡美家园,730,71499,上地,102.1㎡,暂无数据,2室1厅1厨2卫,南 北,2018-06-13,https://bj.ke.com/ershoufang/101102973981.html
怡美家园,765,76900,上地,99.48㎡,暂无数据,2室1厅1厨1卫,南 北,2018-06-28,https://bj.ke.com/ershoufang/101103025463.html
晨月园,720,87859,世纪城,81.95㎡,68.03㎡,2室1厅1厨1卫,西南,2017-06-11,https://bj.ke.com/ershoufang/101101687990.html
金夕园,780,91101,世纪城,85.62㎡,65㎡,2室1厅1厨1卫,东南,2017-07-12,https://bj.ke.com/ershoufang/101101805171.html
金夕园,780,85894,世纪城,90.81㎡,暂无数据,2室1厅1厨1卫,西,2017-09-20,https://bj.ke.com/ershoufang/101102103823.html
远大园六区,795,114918,世纪城,69.18㎡,60㎡,2室1厅1厨1卫,南 北,2017-10-20,https://bj.ke.com/ershoufang/101102215466.html
晨月园,660,80646,世纪城,81.84㎡,67.87㎡,2室1厅1厨1卫,西南,2017-11-08,https://bj.ke.com/ershoufang/101102284702.html
远大园六区,699,100721,世纪城,69.4㎡,暂无数据,2室1厅1厨1卫,东 西,2017-12-24,https://bj.ke.com/ershoufang/101102428804.html
烟树园,750,91430,世纪城,82.03㎡,暂无数据,2室1厅1厨1卫,西北,2018-01-12,https://bj.ke.com/ershoufang/101102483003.html
金夕园,800,88673,世纪城,90.22㎡,90.22㎡,2室1厅1厨1卫,东 南,2018-02-07,https://bj.ke.com/ershoufang/101102551539.html
晨月园,760,85193,世纪城,89.21㎡,75.66㎡,2室1厅1厨1卫,东南,2018-03-11,https://bj.ke.com/ershoufang/101102641341.html
晨月园,750,84204,世纪城,89.07㎡,75.54㎡,2室1厅1厨1卫,西南,2018-03-30,https://bj.ke.com/ershoufang/101102716387.html
金夕园,795,88148,世纪城,90.19㎡,暂无数据,2室1厅1厨1卫,东,2018-04-20,https://bj.ke.com/ershoufang/101102791597.html
远大园六区,730,108810,世纪城,67.09㎡,暂无数据,2室1厅1厨1卫,东 西,2018-04-30,https://bj.ke.com/ershoufang/101102821600.html
晨月园,750,96464,世纪城,77.75㎡,64.48㎡,2室1厅1厨1卫,南 北,2018-05-06,https://bj.ke.com/ershoufang/101102844879.html
晨月园,780,94972,世纪城,82.13㎡,68.18㎡,2室1厅1厨1卫,西南,2018-05-14,https://bj.ke.com/ershoufang/101102871852.html
远大园四区,800,93666,世纪城,85.41㎡,暂无数据,2室1厅1厨1卫,东 南,2018-05-30,https://bj.ke.com/ershoufang/101102925705.html
金夕园,750,87454,世纪城,85.76㎡,暂无数据,2室1厅1厨1卫,东南,2018-06-08,https://bj.ke.com/ershoufang/101102958237.html
金夕园,730,85261,世纪城,85.62㎡,暂无数据,2室2厅1厨1卫,西,2018-06-18,https://bj.ke.com/ershoufang/101102990795.html
金夕园,800,88702,世纪城,90.19㎡,暂无数据,2室1厅1厨1卫,西南,2018-06-21,https://bj.ke.com/ershoufang/101103000151.html
荣上居,660,93697,中关村,70.44㎡,50.76㎡,2室2厅1厨1卫,西南,2017-02-01,https://bj.ke.com/ershoufang/101101097559.html
中关村,721,119848,中关村,60.16㎡,45㎡,2室1厅1厨1卫,南 北,2017-06-16,https://bj.ke.com/ershoufang/101101703179.html
健翔园,730,84795,二里庄,86.09㎡,暂无数据,2室1厅1厨1卫,西北,2017-09-23,https://bj.ke.com/ershoufang/101102115108.html
健翔园,690,84570,二里庄,81.59㎡,暂无数据,2室1厅1厨1卫,西南,2018-01-21,https://bj.ke.com/ershoufang/101102508661.html
志新西路七号院,730,84687,二里庄,86.2㎡,59.46㎡,2室1厅1厨1卫,南 北,2018-04-01,https://bj.ke.com/ershoufang/101102724681.html
健翔园,730,84550,二里庄,86.34㎡,暂无数据,2室1厅1厨1卫,西北,2018-05-01,https://bj.ke.com/ershoufang/101102824558.html
健翔园,715,74002,二里庄,96.62㎡,68.96㎡,2室1厅1厨1卫,东北,2018-05-22,https://bj.ke.com/ershoufang/101102895504.html
健翔园,700,81311,二里庄,86.09㎡,暂无数据,2室1厅1厨1卫,东南 北,2018-05-26,https://bj.ke.com/ershoufang/101102912314.html
健翔园,650,78389,二里庄,82.92㎡,暂无数据,2室1厅1厨1卫,东,2018-06-18,https://bj.ke.com/ershoufang/101102990693.html
健翔园,720,83392,二里庄,86.34㎡,暂无数据,2室1厅1厨1卫,东北,2018-06-19,https://bj.ke.com/ershoufang/101102993948.html
泽丰苑一期,698,72944,五棵松,95.69㎡,85.94㎡,2室1厅1厨1卫,南 北,2017-04-20,https://bj.ke.com/ershoufang/101101497100.html
永金里小区,720,72195,五棵松,99.73㎡,79.55㎡,2室2厅1厨1卫,东,2018-03-27,https://bj.ke.com/ershoufang/101102703667.html
永金里小区,680,66097,五棵松,102.88㎡,82.07㎡,2室1厅1厨1卫,东,2018-03-28,https://bj.ke.com/ershoufang/101102706376.html
泽丰苑一期,726,78871,五棵松,92.05㎡,83.09㎡,2室1厅1厨1卫,东北,2018-03-31,https://bj.ke.com/ershoufang/101102720003.html
永定华庭,750,93997,五棵松,79.79㎡,60.03㎡,2室1厅1厨1卫,东 北,2018-04-21,https://bj.ke.com/ershoufang/101102792836.html
永金里小区,700,69321,五棵松,100.98㎡,80.55㎡,2室1厅1厨1卫,东,2018-05-06,https://bj.ke.com/ershoufang/101102843312.html
今日家园,655,64948,五棵松,100.85㎡,暂无数据,2室2厅1厨1卫,西,2018-06-03,https://bj.ke.com/ershoufang/101102940419.html
华清嘉园,800,107600,五道口,74.35㎡,暂无数据,2室1厅1厨1卫,东 南,2018-01-26,https://bj.ke.com/ershoufang/101102521298.html
成府公馆,800,117371,五道口,68.16㎡,57.12㎡,2室1厅1厨1卫,南 北,2018-01-31,https://bj.ke.com/ershoufang/101102533493.html
暂安处,730,87931,五道口,83.02㎡,暂无数据,2室1厅1厨1卫,南 北,2018-04-28,https://bj.ke.com/ershoufang/101102815432.html
华清嘉园,750,134097,五道口,55.93㎡,暂无数据,2室0厅1厨1卫,南,2018-05-05,https://bj.ke.com/ershoufang/101102838675.html
暂安处,690,82744,五道口,83.39㎡,暂无数据,2室1厅1厨1卫,南 北,2018-06-14,https://bj.ke.com/ershoufang/101102977133.html
成府路20号院,650,95998,五道口,67.71㎡,暂无数据,2室1厅1厨1卫,南 北,2018-06-20,https://bj.ke.com/ershoufang/101102998123.html
保利金泉,760,118233,亚运村,64.28㎡,50.41㎡,2室1厅1厨1卫,北,2017-10-14,https://bj.ke.com/ershoufang/101102187965.html
安慧北里逸园,705,67150,亚运村,104.99㎡,85.97㎡,2室1厅1厨1卫,东南,2017-10-28,https://bj.ke.com/ershoufang/101102242997.html
大屯里小区,670,61087,亚运村,109.68㎡,88.52㎡,2室1厅1厨1卫,西北,2017-11-09,https://bj.ke.com/ershoufang/101102287564.html
保利金泉,800,81475,亚运村,98.19㎡,77㎡,2室2厅1厨1卫,东,2017-11-10,https://bj.ke.com/ershoufang/101102290212.html
阳光新干线,780,77328,亚运村,100.87㎡,83.91㎡,2室1厅1厨1卫,东 北,2018-01-03,https://bj.ke.com/ershoufang/101102455450.html
慧忠里,780,89399,亚运村,87.25㎡,暂无数据,2室1厅1厨1卫,西南,2018-02-02,https://bj.ke.com/ershoufang/101102539086.html
润枫德尚苑,780,53734,亚运村,145.16㎡,114㎡,2室1厅1厨1卫,西北,2018-03-21,https://bj.ke.com/ershoufang/101102678709.html
保利金泉,800,81277,亚运村,98.43㎡,77㎡,2室2厅1厨1卫,东北,2018-03-25,https://bj.ke.com/ershoufang/101102697873.html
九台2000家园,800,73254,亚运村,109.21㎡,88.21㎡,2室1厅1厨2卫,东,2018-03-25,https://bj.ke.com/ershoufang/101102699640.html
保利金泉,788,84054,亚运村,93.75㎡,73.42㎡,2室1厅1厨1卫,东,2018-04-19,https://bj.ke.com/ershoufang/101102786084.html
安慧北里逸园,655,69570,亚运村,94.15㎡,73.93㎡,2室1厅1厨1卫,西南,2018-04-22,https://bj.ke.com/ershoufang/101102796629.html
润枫德尚苑,710,49853,亚运村,142.42㎡,111.85㎡,2室2厅1厨1卫,东,2018-04-28,https://bj.ke.com/ershoufang/101102814592.html
天创世缘,780,64914,亚运村,120.16㎡,96.03㎡,2室2厅1厨2卫,东南,2018-04-28,https://bj.ke.com/ershoufang/101102815752.html
安慧北里逸园,700,82247,亚运村,85.11㎡,66.18㎡,2室2厅1厨1卫,南 北,2018-05-03,https://bj.ke.com/ershoufang/101102832539.html
保利金泉,800,81475,亚运村,98.19㎡,77㎡,2室1厅1厨1卫,东南,2018-06-01,https://bj.ke.com/ershoufang/101102933493.html
安慧北里逸园,800,79279,亚运村,100.91㎡,82.63㎡,2室1厅1厨1卫,南,2018-06-03,https://bj.ke.com/ershoufang/101102941522.html
嘉铭桐城A区,690,82202,亚运村小营,83.94㎡,67.59㎡,2室1厅1厨1卫,东 西,2017-05-14,https://bj.ke.com/ershoufang/101101584928.html
凯旋城,700,61947,亚运村小营,113㎡,90.4㎡,2室0厅0厨1卫,东北,2017-05-24,https://bj.ke.com/ershoufang/101101616515.html
盛和家园,700,69847,亚运村小营,100.22㎡,77.27㎡,2室1厅1厨1卫,东,2017-08-27,https://bj.ke.com/ershoufang/101102004772.html
嘉铭桐城B区,720,94130,亚运村小营,76.49㎡,62.49㎡,2室1厅1厨1卫,东,2017-09-27,https://bj.ke.com/ershoufang/101102132506.html
紫薇天悦,780,77474,亚运村小营,100.68㎡,81.6㎡,2室1厅1厨1卫,西南,2017-11-04,https://bj.ke.com/ershoufang/101102270327.html
欧陆经典,750,92559,亚运村小营,81.03㎡,81.03㎡,2室1厅1厨1卫,西南,2017-12-09,https://bj.ke.com/ershoufang/101102383788.html
盛和家园,650,64274,亚运村小营,101.13㎡,78.09㎡,2室1厅1厨1卫,南,2017-12-09,https://bj.ke.com/ershoufang/101102384776.html
华仑大厦,715,72952,亚运村小营,98.01㎡,73.05㎡,2室1厅1厨1卫,东,2017-12-16,https://bj.ke.com/ershoufang/101102405004.html
盛和家园,720,71842,亚运村小营,100.22㎡,77.27㎡,2室1厅1厨1卫,东南,2018-01-07,https://bj.ke.com/ershoufang/101102468054.html
锦绣馨园,695,68460,亚运村小营,101.52㎡,83.98㎡,2室1厅1厨1卫,西南,2018-02-03,https://bj.ke.com/ershoufang/101102541573.html
凯旋城,760,73573,亚运村小营,103.3㎡,1㎡,2室1厅1厨2卫,西南,2018-03-14,https://bj.ke.com/ershoufang/101102651750.html
锦绣馨园,690,71689,亚运村小营,96.25㎡,74.16㎡,2室2厅1厨1卫,东南,2018-03-24,https://bj.ke.com/ershoufang/101102692392.html
安慧东里,650,64549,亚运村小营,100.7㎡,78.96㎡,2室1厅1厨2卫,西,2018-03-27,https://bj.ke.com/ershoufang/101102703884.html
紫薇天悦,790,77619,亚运村小营,101.78㎡,82.44㎡,2室1厅1厨1卫,东南,2018-03-31,https://bj.ke.com/ershoufang/101102720864.html
主场,650,86093,亚运村小营,75.5㎡,61.39㎡,2室1厅1厨1卫,西,2018-04-03,https://bj.ke.com/ershoufang/101102730083.html
紫薇天悦,800,79460,亚运村小营,100.68㎡,81.6㎡,2室1厅1厨1卫,东南,2018-04-04,https://bj.ke.com/ershoufang/101102732356.html
锦绣馨园,750,68720,亚运村小营,109.14㎡,90.28㎡,2室1厅1厨1卫,西南,2018-04-19,https://bj.ke.com/ershoufang/101102787775.html
盛和家园,750,67794,亚运村小营,110.63㎡,85.29㎡,2室1厅1厨1卫,南,2018-04-26,https://bj.ke.com/ershoufang/101102808876.html
阳明国际公寓,680,53624,亚运村小营,126.81㎡,95.22㎡,2室2厅1厨2卫,东南,2018-04-30,https://bj.ke.com/ershoufang/101102821371.html
康斯丹郡,780,75965,亚运村小营,102.68㎡,88.41㎡,2室1厅1厨1卫,西,2018-05-03,https://bj.ke.com/ershoufang/101102830026.html
亚运豪庭,680,66498,亚运村小营,102.26㎡,79.91㎡,2室1厅1厨1卫,西南,2018-05-25,https://bj.ke.com/ershoufang/101102908469.html
锦绣馨园,750,73878,亚运村小营,101.52㎡,83.98㎡,2室1厅1厨1卫,东南,2018-05-26,https://bj.ke.com/ershoufang/101102910713.html
安慧东里,650,75407,亚运村小营,86.2㎡,暂无数据,2室2厅1厨1卫,西南,2018-06-05,https://bj.ke.com/ershoufang/101102948243.html
安慧东里,700,69514,亚运村小营,100.7㎡,78.96㎡,2室2厅1厨1卫,东南,2018-06-17,https://bj.ke.com/ershoufang/101102989015.html
嘉铭桐城A区,799,94691,亚运村小营,84.38㎡,67.01㎡,2室1厅1厨1卫,东 西,2018-06-24,https://bj.ke.com/ershoufang/101103012848.html
紫薇天悦,790,78467,亚运村小营,100.68㎡,81.6㎡,2室2厅1厨1卫,西南,2018-06-27,https://bj.ke.com/ershoufang/101103021972.html
华严北里8号院,700,85964,健翔桥,81.43㎡,81.43㎡,2室1厅1厨1卫,东南,2017-08-19,https://bj.ke.com/ershoufang/101101969690.html
亚奥人家,790,68882,健翔桥,114.69㎡,94.91㎡,2室1厅1厨1卫,南,2017-09-12,https://bj.ke.com/ershoufang/101102069334.html
亚奥人家,680,74204,健翔桥,91.64㎡,暂无数据,2室1厅1厨1卫,东 北,2018-04-05,https://bj.ke.com/ershoufang/101102735052.html
华严北里8号院,700,85964,健翔桥,81.43㎡,81.43㎡,2室1厅1厨1卫,东 南,2018-06-15,https://bj.ke.com/ershoufang/101102981171.html
颐源居一期,755,104383,公主坟,72.33㎡,暂无数据,2室1厅1厨1卫,西南,2018-03-24,https://bj.ke.com/ershoufang/101102691081.html
海淀九号,765,84699,六里桥,90.32㎡,71.3㎡,2室1厅1厨1卫,南,2017-03-05,https://bj.ke.com/ershoufang/101101281443.html
澐澐国际,660,63134,六里桥,104.54㎡,82.22㎡,2室1厅1厨2卫,东北,2017-11-25,https://bj.ke.com/ershoufang/101102339775.html
澐澐国际,800,61563,六里桥,129.95㎡,102.2㎡,2室1厅1厨2卫,东,2017-12-16,https://bj.ke.com/ershoufang/101102405648.html
华尔街观典,690,74547,六里桥,92.56㎡,71.85㎡,2室1厅1厨1卫,南 北,2018-02-01,https://bj.ke.com/ershoufang/101102536541.html
橙色年代,660,69205,六里桥,95.37㎡,73.29㎡,2室1厅1厨1卫,南 西,2018-02-02,https://bj.ke.com/ershoufang/101102537985.html
莲花小区,750,66947,六里桥,112.03㎡,87.9㎡,2室1厅1厨1卫,东南,2018-03-02,https://bj.ke.com/ershoufang/101102596255.html
澐澐国际,650,62178,六里桥,104.54㎡,82.22㎡,2室1厅1厨2卫,东 北,2018-03-24,https://bj.ke.com/ershoufang/101102692161.html
莲花小区,700,63591,六里桥,110.08㎡,86.37㎡,2室1厅1厨1卫,西南,2018-04-02,https://bj.ke.com/ershoufang/101102728381.html
橙色年代,660,68865,六里桥,95.84㎡,73.65㎡,2室1厅1厨1卫,东,2018-04-08,https://bj.ke.com/ershoufang/101102749383.html
橙色年代,728,81835,六里桥,88.96㎡,69.84㎡,2室1厅1厨1卫,西北,2018-04-14,https://bj.ke.com/ershoufang/101102770192.html
橙色年代,650,67822,六里桥,95.84㎡,73.65㎡,2室1厅1厨1卫,西,2018-04-25,https://bj.ke.com/ershoufang/101102806387.html
橙色年代,650,68213,六里桥,95.29㎡,73.97㎡,2室1厅1厨1卫,西,2018-04-30,https://bj.ke.com/ershoufang/101102822605.html
橙色年代,680,70952,六里桥,95.84㎡,73.65㎡,2室1厅1厨1卫,西,2018-06-03,https://bj.ke.com/ershoufang/101102941083.html
澐澐国际,790,61246,六里桥,128.99㎡,101.45㎡,2室1厅1厨2卫,西,2018-06-10,https://bj.ke.com/ershoufang/101102965619.html
莲花小区,690,61608,六里桥,112㎡,87.9㎡,2室1厅1厨1卫,东南,2018-06-26,https://bj.ke.com/ershoufang/101103018573.html
中雅大厦,729,47993,军博,151.9㎡,121.76㎡,2室1厅1厨1卫,西北,2018-05-16,https://bj.ke.com/ershoufang/101102877405.html
北影小区,775,88887,北太平庄,87.19㎡,暂无数据,2室1厅1厨1卫,西南,2017-07-29,https://bj.ke.com/ershoufang/101101876886.html
北影小区,780,94557,北太平庄,82.49㎡,暂无数据,2室1厅1厨1卫,东,2018-05-22,https://bj.ke.com/ershoufang/101102896512.html
润泽公馆,750,85931,北苑,87.28㎡,69.52㎡,2室1厅1厨1卫,南 北,2017-03-01,https://bj.ke.com/ershoufang/101101257166.html
润泽悦溪,660,76134,北苑,86.69㎡,68.09㎡,2室1厅1厨1卫,东 西,2017-04-04,https://bj.ke.com/ershoufang/101101431858.html
北京青年城,662,59002,北苑,112.2㎡,90.16㎡,2室1厅1厨1卫,东 南 北,2017-05-16,https://bj.ke.com/ershoufang/101101589233.html
华贸城,750,78948,北苑,95㎡,75.62㎡,2室1厅1厨1卫,南,2017-05-18,https://bj.ke.com/ershoufang/101101596116.html
中国铁建国际城,660,86084,北苑,76.67㎡,59.21㎡,2室1厅1厨1卫,南,2017-05-18,https://bj.ke.com/ershoufang/101101597576.html
润泽悦溪,680,74269,北苑,91.56㎡,71.15㎡,2室1厅1厨1卫,西南 北,2017-06-09,https://bj.ke.com/ershoufang/101101681496.html
润泽公馆,750,86108,北苑,87.1㎡,68.91㎡,2室1厅1厨1卫,南 北,2017-06-28,https://bj.ke.com/ershoufang/101101749828.html
拂林园,780,67551,北苑,115.47㎡,97.58㎡,2室1厅1厨2卫,南,2017-08-15,https://bj.ke.com/ershoufang/101101950217.html
拂林园,780,62271,北苑,125.26㎡,106.35㎡,2室1厅1厨1卫,东南,2017-09-16,https://bj.ke.com/ershoufang/101102089707.html
山水蓝维,780,80972,北苑,96.33㎡,86.4㎡,2室1厅1厨1卫,南 北,2017-11-10,https://bj.ke.com/ershoufang/101102289458.html
拂林园,769,61393,北苑,125.26㎡,106.35㎡,2室1厅1厨2卫,西,2017-11-11,https://bj.ke.com/ershoufang/101102295336.html
润泽悦溪,730,81465,北苑,89.61㎡,71.31㎡,2室1厅1厨1卫,南 北,2017-11-26,https://bj.ke.com/ershoufang/101102340809.html
润泽悦溪,720,80890,北苑,89.01㎡,70.61㎡,2室1厅1厨1卫,南 北,2017-12-01,https://bj.ke.com/ershoufang/101102358923.html
润泽悦溪,710,80986,北苑,87.67㎡,70.5㎡,2室1厅1厨1卫,南 北,2017-12-28,https://bj.ke.com/ershoufang/101102441006.html
中国铁建花语城,800,89306,北苑,89.58㎡,67.26㎡,2室2厅1厨1卫,南 北,2018-01-14,https://bj.ke.com/ershoufang/101102489840.html
润泽公馆,735,84270,北苑,87.22㎡,68.85㎡,2室1厅1厨1卫,南,2018-01-24,https://bj.ke.com/ershoufang/101102516805.html
世华泊郡,650,76247,北苑,85.25㎡,68.22㎡,2室1厅1厨1卫,南,2018-03-04,https://bj.ke.com/ershoufang/101102609149.html
润泽悦溪,680,75072,北苑,90.58㎡,70.39㎡,2室1厅1厨1卫,南 西 北,2018-03-05,https://bj.ke.com/ershoufang/101102614368.html
华贸城,675,76031,北苑,88.78㎡,70.67㎡,2室1厅1厨1卫,东 南 北,2018-03-06,https://bj.ke.com/ershoufang/101102615038.html
润泽公馆,740,84843,北苑,87.22㎡,68.85㎡,2室1厅1厨1卫,南,2018-03-09,https://bj.ke.com/ershoufang/101102630705.html
中国铁建花语城,780,86841,北苑,89.82㎡,67.44㎡,2室1厅1厨1卫,南 北,2018-03-10,https://bj.ke.com/ershoufang/101102637313.html
世华泊郡,710,78540,北苑,90.4㎡,71.85㎡,2室1厅1厨1卫,南,2018-03-12,https://bj.ke.com/ershoufang/101102643610.html
中国铁建国际城,660,86084,北苑,76.67㎡,59.21㎡,2室1厅1厨1卫,南,2018-03-14,https://bj.ke.com/ershoufang/101102651056.html
润泽公馆,740,83231,北苑,88.91㎡,70.81㎡,2室2厅1厨1卫,南,2018-03-27,https://bj.ke.com/ershoufang/101102705572.html
北京青年城,680,58135,北苑,116.97㎡,101.91㎡,2室1厅1厨2卫,南 北,2018-03-28,https://bj.ke.com/ershoufang/101102709837.html
北苑家园望春园,700,64428,北苑,108.65㎡,88.44㎡,2室1厅1厨2卫,南 北,2018-03-31,https://bj.ke.com/ershoufang/101102721021.html
拂林园,800,57168,北苑,139.94㎡,118.93㎡,2室1厅1厨1卫,东 南 北,2018-04-03,https://bj.ke.com/ershoufang/101102731677.html
润泽悦溪,660,76002,北苑,86.84㎡,68.21㎡,2室1厅1厨1卫,东 西,2018-04-04,https://bj.ke.com/ershoufang/101102734750.html
世华泊郡,675,79142,北苑,85.29㎡,68.24㎡,2室1厅1厨1卫,南,2018-04-08,https://bj.ke.com/ershoufang/101102748687.html
润泽悦溪,680,79813,北苑,85.2㎡,67.54㎡,2室1厅1厨1卫,东 西,2018-04-11,https://bj.ke.com/ershoufang/101102760248.html
华贸城,750,79064,北苑,94.86㎡,75.01㎡,2室1厅1厨1卫,南,2018-04-22,https://bj.ke.com/ershoufang/101102797446.html
拂林园,800,59894,北苑,133.57㎡,113.4㎡,2室1厅1厨1卫,东 南 北,2018-04-25,https://bj.ke.com/ershoufang/101102804431.html
润泽悦溪,716,80171,北苑,89.31㎡,71.99㎡,2室1厅1厨1卫,南 北,2018-04-26,https://bj.ke.com/ershoufang/101102809358.html
世华泊郡,670,78565,北苑,85.28㎡,68.24㎡,2室1厅1厨1卫,南,2018-04-29,https://bj.ke.com/ershoufang/101102817976.html
润泽公馆,710,80019,北苑,88.73㎡,70.93㎡,2室1厅1厨1卫,南,2018-05-01,https://bj.ke.com/ershoufang/101102824873.html
世华泊郡,670,78694,北苑,85.14㎡,68.26㎡,2室1厅1厨1卫,南,2018-05-03,https://bj.ke.com/ershoufang/101102833470.html
山水蓝维,790,82095,北苑,96.23㎡,暂无数据,2室1厅1厨1卫,南 北,2018-05-06,https://bj.ke.com/ershoufang/101102844832.html
中国铁建国际城,650,87602,北苑,74.2㎡,56.84㎡,2室1厅1厨1卫,南,2018-05-07,https://bj.ke.com/ershoufang/101102847655.html
北苑家园望春园,700,64428,北苑,108.65㎡,88.44㎡,2室2厅1厨2卫,南 北,2018-05-08,https://bj.ke.com/ershoufang/101102851296.html
润泽悦溪,700,76195,北苑,91.87㎡,72.46㎡,2室1厅1厨1卫,西南 北,2018-05-09,https://bj.ke.com/ershoufang/101102855137.html
润泽公馆,710,80190,北苑,88.54㎡,70.81㎡,2室1厅1厨1卫,南,2018-05-12,https://bj.ke.com/ershoufang/101102864880.html
华贸城,690,80505,北苑,85.71㎡,67.25㎡,2室1厅1厨1卫,南,2018-05-12,https://bj.ke.com/ershoufang/101102865474.html
世华泊郡,655,76305,北苑,85.84㎡,68.68㎡,2室1厅1厨1卫,南,2018-05-13,https://bj.ke.com/ershoufang/101102867636.html
润泽公馆,710,80408,北苑,88.3㎡,70.62㎡,2室1厅1厨1卫,南,2018-05-13,https://bj.ke.com/ershoufang/101102868525.html
拂林园,800,57070,北苑,140.18㎡,119.02㎡,2室2厅1厨1卫,西南 北,2018-05-18,https://bj.ke.com/ershoufang/101102884030.html
华贸城,670,84341,北苑,79.44㎡,62.33㎡,2室2厅1厨1卫,南,2018-05-21,https://bj.ke.com/ershoufang/101102893122.html
天润福熙大道,660,90017,北苑,73.32㎡,58.82㎡,2室1厅1厨1卫,南,2018-05-23,https://bj.ke.com/ershoufang/101102899536.html
北苑家园望春园,690,64204,北苑,107.47㎡,87.48㎡,2室1厅1厨1卫,南 北,2018-05-25,https://bj.ke.com/ershoufang/101102908307.html
天润福熙大道,650,88653,北苑,73.32㎡,58.82㎡,2室1厅1厨1卫,南,2018-05-27,https://bj.ke.com/ershoufang/101102913399.html
华贸城,755,80741,北苑,93.51㎡,74.52㎡,2室1厅1厨1卫,南,2018-05-27,https://bj.ke.com/ershoufang/101102914936.html
中国铁建花语城,780,86909,北苑,89.75㎡,67.44㎡,2室1厅1厨1卫,南 北,2018-05-27,https://bj.ke.com/ershoufang/101102916671.html
华贸城,700,79438,北苑,88.12㎡,70.23㎡,2室1厅1厨1卫,东 北,2018-05-28,https://bj.ke.com/ershoufang/101102917750.html
润泽悦溪,730,81784,北苑,89.26㎡,71.78㎡,2室2厅1厨1卫,南 北,2018-06-05,https://bj.ke.com/ershoufang/101102946330.html
天润福熙大道,760,89623,北苑,84.8㎡,63.45㎡,2室1厅1厨1卫,南,2018-06-06,https://bj.ke.com/ershoufang/101102951571.html
润泽公馆,730,82449,北苑,88.54㎡,70.81㎡,2室2厅1厨1卫,南,2018-06-09,https://bj.ke.com/ershoufang/101102959884.html
中国铁建国际城,650,87602,北苑,74.2㎡,56.84㎡,2室1厅1厨1卫,南,2018-06-09,https://bj.ke.com/ershoufang/101102960892.html
中国铁建花语城,790,88190,北苑,89.58㎡,67.26㎡,2室1厅1厨1卫,南 北,2018-06-10,https://bj.ke.com/ershoufang/101102966164.html
拂林园,760,60723,北苑,125.16㎡,106.37㎡,2室1厅1厨1卫,东南,2018-06-13,https://bj.ke.com/ershoufang/101102974746.html
中国铁建国际城,650,92475,北苑,70.29㎡,54.28㎡,2室1厅1厨1卫,南,2018-06-19,https://bj.ke.com/ershoufang/101102994457.html
北苑家园望春园,710,66078,北苑,107.45㎡,87.48㎡,2室1厅1厨2卫,南 北,2018-06-22,https://bj.ke.com/ershoufang/101103006001.html
润泽公馆,780,89935,北苑,86.73㎡,69.08㎡,2室1厅1厨1卫,南 北,2018-06-25,https://bj.ke.com/ershoufang/101103015849.html
名苑雅居,650,74559,南沙滩,87.18㎡,67.74㎡,2室2厅1厨1卫,西北,2017-12-09,https://bj.ke.com/ershoufang/101102383183.html
名苑雅居,696,79955,南沙滩,87.05㎡,67.64㎡,2室2厅1厨1卫,西北,2017-12-17,https://bj.ke.com/ershoufang/101102410088.html
北沙滩1号院,670,78657,南沙滩,85.18㎡,暂无数据,2室2厅1厨1卫,南,2018-03-22,https://bj.ke.com/ershoufang/101102684551.html
天和人家,700,68574,南沙滩,102.08㎡,81.15㎡,2室1厅1厨1卫,西南,2018-05-05,https://bj.ke.com/ershoufang/101102839112.html
懿品阁,660,78042,南沙滩,84.57㎡,67.54㎡,2室2厅1厨1卫,东北,2018-05-24,https://bj.ke.com/ershoufang/101102904508.html
厂洼小区,790,101426,厂洼,77.89㎡,暂无数据,2室1厅1厨1卫,东 南 北,2018-04-02,https://bj.ke.com/ershoufang/101102727402.html
和平街十三区,700,87402,和平里,80.09㎡,55.4㎡,2室1厅1厨1卫,东,2018-02-23,https://bj.ke.com/ershoufang/101102565301.html
和平街十一区,800,76512,和平里,104.56㎡,92.99㎡,2室1厅1厨2卫,东 西,2018-02-26,https://bj.ke.com/ershoufang/101102577600.html
和平西苑,750,78774,和平里,95.21㎡,75.49㎡,2室1厅1厨1卫,东 西,2018-03-06,https://bj.ke.com/ershoufang/101102615183.html
和平街十一区,680,81525,和平里,83.41㎡,58.68㎡,2室2厅1厨1卫,西,2018-06-09,https://bj.ke.com/ershoufang/101102961856.html
和平街十三区,658,88871,和平里,74.04㎡,49.92㎡,2室1厅1厨1卫,西,2018-06-15,https://bj.ke.com/ershoufang/101102983059.html
美丽西园,740,78858,四季青,93.84㎡,暂无数据,2室1厅1厨2卫,南 北,2017-08-20,https://bj.ke.com/ershoufang/101101975796.html
美丽星苑,650,92738,四季青,70.09㎡,59.36㎡,2室1厅1厨1卫,西北,2017-11-09,https://bj.ke.com/ershoufang/101102286305.html
农林科学院宿舍,798,98313,四季青,81.17㎡,68㎡,2室1厅1厨1卫,南 北,2018-01-02,https://bj.ke.com/ershoufang/101102453394.html
美丽西园,700,74596,四季青,93.84㎡,暂无数据,2室1厅1厨2卫,南 北,2018-01-19,https://bj.ke.com/ershoufang/101102502555.html
金雅园,720,79409,四季青,90.67㎡,74.9㎡,2室1厅1厨1卫,南,2018-03-24,https://bj.ke.com/ershoufang/101102694994.html
颐慧佳园,790,95377,四季青,82.83㎡,69.23㎡,2室1厅1厨1卫,东,2018-03-28,https://bj.ke.com/ershoufang/101102709688.html
美丽西园,780,76871,四季青,101.47㎡,暂无数据,2室2厅1厨2卫,南 北,2018-04-02,https://bj.ke.com/ershoufang/101102728643.html
金雅园,730,82365,四季青,88.63㎡,73.21㎡,2室1厅1厨1卫,南 北,2018-04-24,https://bj.ke.com/ershoufang/101102801311.html
望塔园,680,88370,四季青,76.95㎡,暂无数据,2室1厅1厨1卫,东南,2018-05-26,https://bj.ke.com/ershoufang/101102913086.html
望河园,780,98847,四季青,78.91㎡,65.03㎡,2室1厅1厨1卫,东南,2018-06-14,https://bj.ke.com/ershoufang/101102979515.html
颐慧佳园,650,78731,四季青,82.56㎡,63.48㎡,2室1厅1厨1卫,东 南,2018-06-15,https://bj.ke.com/ershoufang/101102983050.html
望塔园,680,83416,四季青,81.52㎡,暂无数据,2室1厅1厨1卫,东南,2018-06-19,https://bj.ke.com/ershoufang/101102995038.html
金雅园,750,84489,四季青,88.77㎡,暂无数据,2室1厅1厨1卫,南 北,2018-06-25,https://bj.ke.com/ershoufang/101103015610.html
金雅园,715,80673,四季青,88.63㎡,73.21㎡,2室2厅1厨1卫,南 北,2018-06-26,https://bj.ke.com/ershoufang/101103018558.html
百环地产,750,71212,圆明园,105.32㎡,86.85㎡,2室1厅1厨1卫,西北,2018-02-07,https://bj.ke.com/ershoufang/101102551846.html
百环地产,750,62699,圆明园,119.62㎡,98.64㎡,2室2厅1厨2卫,西南,2018-06-14,https://bj.ke.com/ershoufang/101102977602.html
天居园,720,68312,奥林匹克公园,105.4㎡,83.34㎡,2室1厅1厨2卫,西南,2017-05-03,https://bj.ke.com/ershoufang/101101541449.html
天畅园,650,60725,奥林匹克公园,107.04㎡,84.52㎡,2室1厅1厨2卫,西北,2017-05-25,https://bj.ke.com/ershoufang/101101619949.html
天畅园,800,61111,奥林匹克公园,130.91㎡,103.42㎡,2室1厅1厨1卫,西,2017-09-12,https://bj.ke.com/ershoufang/101102070007.html
澳景花庭,797,89945,奥林匹克公园,88.61㎡,73.35㎡,2室1厅1厨1卫,南 北,2017-09-14,https://bj.ke.com/ershoufang/101102078423.html
天乐园,688,71975,奥林匹克公园,95.59㎡,77.93㎡,2室1厅1厨1卫,南 北,2017-09-28,https://bj.ke.com/ershoufang/101102133913.html
裕瑞轩,699,68136,奥林匹克公园,102.59㎡,85.24㎡,2室1厅1厨1卫,东,2017-11-02,https://bj.ke.com/ershoufang/101102260087.html
天畅园,800,61009,奥林匹克公园,131.13㎡,103.55㎡,2室2厅1厨2卫,西,2017-12-15,https://bj.ke.com/ershoufang/101102401435.html
裕瑞轩,650,72023,奥林匹克公园,90.25㎡,74.98㎡,2室2厅1厨1卫,南 北,2017-12-18,https://bj.ke.com/ershoufang/101102412932.html
万科星园,800,74129,奥林匹克公园,107.92㎡,88.7㎡,2室1厅1厨1卫,东南,2018-01-01,https://bj.ke.com/ershoufang/101102450643.html
林奥嘉园,749,62958,奥林匹克公园,118.97㎡,95.61㎡,2室1厅1厨2卫,西,2018-01-10,https://bj.ke.com/ershoufang/101102477741.html
融域嘉园,750,102488,奥林匹克公园,73.18㎡,60.45㎡,2室1厅1厨1卫,南,2018-01-17,https://bj.ke.com/ershoufang/101102496436.html
畅清园,650,65367,奥林匹克公园,99.44㎡,86.44㎡,2室1厅1厨1卫,南 北,2018-01-17,https://bj.ke.com/ershoufang/101102497972.html
天畅园,750,59662,奥林匹克公园,125.71㎡,94.58㎡,2室2厅1厨1卫,东,2018-01-17,https://bj.ke.com/ershoufang/101102498156.html
裕瑞轩,690,67259,奥林匹克公园,102.59㎡,85.24㎡,2室1厅1厨1卫,东,2018-01-24,https://bj.ke.com/ershoufang/101102514350.html
澳林春天二期,770,73187,奥林匹克公园,105.21㎡,86.44㎡,2室2厅1厨2卫,西南,2018-02-07,https://bj.ke.com/ershoufang/101102551041.html
天畅园,790,60246,奥林匹克公园,131.13㎡,103.55㎡,2室2厅1厨2卫,西,2018-03-09,https://bj.ke.com/ershoufang/101102630442.html
天畅园,750,60193,奥林匹克公园,124.6㎡,93.75㎡,2室2厅1厨1卫,东,2018-03-12,https://bj.ke.com/ershoufang/101102645980.html
天居园,680,64517,奥林匹克公园,105.4㎡,83.34㎡,2室2厅1厨2卫,东南,2018-03-14,https://bj.ke.com/ershoufang/101102653333.html
上元君庭,719,84938,奥林匹克公园,84.65㎡,61.81㎡,2室2厅1厨1卫,南,2018-03-18,https://bj.ke.com/ershoufang/101102671431.html
天乐园,700,72864,奥林匹克公园,96.07㎡,78.01㎡,2室1厅1厨1卫,南 北,2018-03-24,https://bj.ke.com/ershoufang/101102691804.html
天畅园,770,61180,奥林匹克公园,125.86㎡,99.38㎡,2室1厅1厨2卫,南,2018-03-27,https://bj.ke.com/ershoufang/101102705153.html
畅清园,696,70582,奥林匹克公园,98.61㎡,85.76㎡,2室2厅1厨1卫,西南,2018-04-04,https://bj.ke.com/ershoufang/101102734934.html
林奥嘉园,750,63042,奥林匹克公园,118.97㎡,95.61㎡,2室2厅1厨1卫,西,2018-04-05,https://bj.ke.com/ershoufang/101102738050.html
学士居,680,72034,奥林匹克公园,94.4㎡,80.96㎡,2室2厅1厨2卫,南 北,2018-04-11,https://bj.ke.com/ershoufang/101102758553.html
天畅园,700,55684,奥林匹克公园,125.71㎡,94.58㎡,2室2厅1厨1卫,东,2018-04-15,https://bj.ke.com/ershoufang/101102772933.html
天畅园,665,63777,奥林匹克公园,104.27㎡,82.58㎡,2室1厅1厨2卫,东南,2018-04-15,https://bj.ke.com/ershoufang/101102774326.html
畅清园,650,78922,奥林匹克公园,82.36㎡,71.63㎡,2室1厅1厨1卫,南 北,2018-05-01,https://bj.ke.com/ershoufang/101102823744.html
万科星园,800,73686,奥林匹克公园,108.57㎡,88.7㎡,2室1厅1厨1卫,西南,2018-05-02,https://bj.ke.com/ershoufang/101102827806.html
澳景花庭,780,81056,奥林匹克公园,96.23㎡,80.3㎡,2室1厅1厨1卫,南 北,2018-05-19,https://bj.ke.com/ershoufang/101102888373.html
天居园,700,66414,奥林匹克公园,105.4㎡,83.34㎡,2室2厅1厨2卫,东南,2018-05-27,https://bj.ke.com/ershoufang/101102914443.html
天居园,720,68312,奥林匹克公园,105.4㎡,83.34㎡,2室2厅1厨2卫,东南,2018-05-28,https://bj.ke.com/ershoufang/101102920089.html
天居园,700,64445,奥林匹克公园,108.62㎡,86.67㎡,2室1厅1厨2卫,南 西北,2018-06-02,https://bj.ke.com/ershoufang/101102934572.html
天畅园,780,59483,奥林匹克公园,131.13㎡,103.55㎡,2室2厅1厨2卫,西,2018-06-07,https://bj.ke.com/ershoufang/101102956199.html
林奥嘉园,780,65563,奥林匹克公园,118.97㎡,95.61㎡,2室1厅1厨2卫,西,2018-06-22,https://bj.ke.com/ershoufang/101103004164.html
上元君庭,798,69265,奥林匹克公园,115.21㎡,92.27㎡,2室2厅1厨2卫,西,2018-06-25,https://bj.ke.com/ershoufang/101103016425.html
天居园,720,66403,奥林匹克公园,108.43㎡,87㎡,2室2厅1厨2卫,南 西北,2018-06-27,https://bj.ke.com/ershoufang/101103025105.html
海丰园公寓,790,60892,学院路,129.74㎡,1㎡,2室2厅1厨1卫,东 西,2017-10-10,https://bj.ke.com/ershoufang/101102171672.html
文成杰座,795,81732,学院路,97.27㎡,76.61㎡,2室1厅1厨1卫,西,2017-10-13,https://bj.ke.com/ershoufang/101102183735.html
逸成东苑,650,85979,学院路,75.6㎡,暂无数据,2室1厅1厨1卫,南 北,2017-11-02,https://bj.ke.com/ershoufang/101102259948.html
富润家园,760,85538,学院路,88.85㎡,暂无数据,2室1厅1厨1卫,东北,2017-11-08,https://bj.ke.com/ershoufang/101102285110.html
海丰园公寓,750,75287,学院路,99.62㎡,89㎡,2室1厅1厨2卫,东南,2017-11-22,https://bj.ke.com/ershoufang/101102329771.html
富润家园,775,85845,学院路,90.28㎡,暂无数据,2室1厅1厨1卫,东南,2018-03-01,https://bj.ke.com/ershoufang/101102592502.html
静淑东里,800,88663,学院路,90.23㎡,暂无数据,2室1厅1厨1卫,南 西 北,2018-04-24,https://bj.ke.com/ershoufang/101102803708.html
逸成东苑,655,83707,学院路,78.25㎡,暂无数据,2室1厅1厨1卫,西,2018-05-15,https://bj.ke.com/ershoufang/101102874615.html
富润家园,796,82505,学院路,96.48㎡,78㎡,2室1厅1厨1卫,西南,2018-06-09,https://bj.ke.com/ershoufang/101102960878.html
逸成东苑,650,86448,学院路,75.19㎡,暂无数据,2室1厅1厨1卫,西南,2018-06-18,https://bj.ke.com/ershoufang/101102991228.html
上林溪,690,74418,安宁庄,92.72㎡,75.29㎡,2室1厅1厨1卫,西,2018-04-15,https://bj.ke.com/ershoufang/101102771532.html
清上园,720,72145,安宁庄,99.8㎡,85㎡,2室2厅1厨1卫,南 北,2018-05-22,https://bj.ke.com/ershoufang/101102896326.html
上林溪,710,76575,安宁庄,92.72㎡,75.29㎡,2室1厅1厨1卫,西,2018-06-02,https://bj.ke.com/ershoufang/101102938461.html
清上园,790,64333,安宁庄,122.8㎡,100.7㎡,2室2厅1厨2卫,南,2018-06-19,https://bj.ke.com/ershoufang/101102995675.html
清上园,695,62388,安宁庄,111.4㎡,88.56㎡,2室2厅1厨1卫,南,2018-06-27,https://bj.ke.com/ershoufang/101103024486.html
安贞里,785,77793,安贞,100.91㎡,暂无数据,2室1厅1厨1卫,东 西,2017-01-06,https://bj.ke.com/ershoufang/101101046597.html
安贞里,770,76306,安贞,100.91㎡,1㎡,2室1厅1厨1卫,东 西,2017-05-17,https://bj.ke.com/ershoufang/101101593179.html
北京印象,800,79849,定慧寺,100.19㎡,80.34㎡,2室1厅1厨1卫,北,2017-05-08,https://bj.ke.com/ershoufang/101101560333.html
阜成路甲52号院,650,70347,定慧寺,92.4㎡,暂无数据,2室2厅1厨1卫,东 西,2017-05-28,https://bj.ke.com/ershoufang/101101632204.html
定慧福里,650,71895,定慧寺,90.41㎡,69.21㎡,2室1厅1厨1卫,南 北,2017-07-23,https://bj.ke.com/ershoufang/101101850175.html
北京印象,695,75676,定慧寺,91.84㎡,73.22㎡,2室1厅1厨1卫,北,2018-03-05,https://bj.ke.com/ershoufang/101102612679.html
定慧福里,800,77280,定慧寺,103.52㎡,81.88㎡,2室1厅1厨1卫,南 北,2018-03-28,https://bj.ke.com/ershoufang/101102709221.html
定慧福里,795,89933,定慧寺,88.4㎡,72.04㎡,2室1厅1厨1卫,南,2018-04-23,https://bj.ke.com/ershoufang/101102798739.html
定慧福里,799,84631,定慧寺,94.41㎡,74.67㎡,2室1厅1厨1卫,南 北,2018-04-23,https://bj.ke.com/ershoufang/101102799974.html
今典花园,675,99631,小西天,67.75㎡,50㎡,2室1厅1厨1卫,西,2017-11-08,https://bj.ke.com/ershoufang/101102282467.html
今典花园,710,97501,小西天,72.82㎡,60㎡,2室1厅1厨1卫,东 北,2017-11-26,https://bj.ke.com/ershoufang/101102343090.html
师大北路21号院,710,87687,小西天,80.97㎡,57.37㎡,2室1厅1厨1卫,东 西,2017-12-08,https://bj.ke.com/ershoufang/101102381067.html
今典花园,660,96520,小西天,68.38㎡,55.73㎡,2室1厅1厨1卫,南,2018-01-11,https://bj.ke.com/ershoufang/101102479145.html
今典花园,710,92412,小西天,76.83㎡,59.22㎡,2室1厅1厨1卫,西北,2018-04-17,https://bj.ke.com/ershoufang/101102778592.html
文慧园北路4号院,652,94906,小西天,68.7㎡,暂无数据,2室1厅1厨1卫,东 西,2018-05-17,https://bj.ke.com/ershoufang/101102880320.html
今典花园,695,95599,小西天,72.7㎡,暂无数据,2室1厅1厨1卫,南,2018-05-30,https://bj.ke.com/ershoufang/101102924425.html
师大北路21号院,760,93862,小西天,80.97㎡,暂无数据,2室1厅1厨1卫,东 西,2018-06-10,https://bj.ke.com/ershoufang/101102964572.html
今典花园,675,99047,小西天,68.15㎡,44.87㎡,2室1厅1厨1卫,西,2018-06-11,https://bj.ke.com/ershoufang/101102968859.html
今典花园,670,85876,小西天,78.02㎡,59.81㎡,2室1厅1厨1卫,东北,2018-06-16,https://bj.ke.com/ershoufang/101102985056.html
胜古家园,660,89383,惠新西街,73.84㎡,50.32㎡,2室1厅1厨1卫,东南,2017-07-21,https://bj.ke.com/ershoufang/101101841236.html
千鹤家园,730,66991,惠新西街,108.97㎡,92.96㎡,2室1厅1厨1卫,东南,2017-07-29,https://bj.ke.com/ershoufang/101101879707.html
千鹤家园,770,73968,惠新西街,104.1㎡,88.3㎡,2室1厅1厨1卫,西南,2018-05-07,https://bj.ke.com/ershoufang/101102848857.html
惠中园,780,77481,惠新西街,100.67㎡,暂无数据,2室1厅1厨1卫,西,2018-06-12,https://bj.ke.com/ershoufang/101102973276.html
五月华庭,666,90025,新街口,73.98㎡,54.46㎡,2室1厅1厨1卫,东南,2018-04-23,https://bj.ke.com/ershoufang/101102800550.html
文慧园路2号院,680,99956,新街口,68.03㎡,47.82㎡,2室1厅1厨1卫,南 北,2018-05-10,https://bj.ke.com/ershoufang/101102857668.html
保利西山林语,675,69710,海淀北部新区,96.83㎡,77.89㎡,2室1厅1厨1卫,南 北,2016-11-24,https://bj.ke.com/ershoufang/101100876992.html
冠城大通百旺府,800,74676,海淀北部新区,107.13㎡,89.94㎡,2室2厅1厨2卫,南 北,2017-12-02,https://bj.ke.com/ershoufang/101102362216.html
保利西山林语,650,71249,海淀北部新区,91.23㎡,75.95㎡,2室1厅1厨1卫,南 北,2018-01-23,https://bj.ke.com/ershoufang/101102513991.html
保利西山林语,650,77381,海淀北部新区,84㎡,69.9㎡,2室2厅1厨1卫,南 北,2018-03-10,https://bj.ke.com/ershoufang/101102632863.html
冠城大通百旺府,760,70942,海淀北部新区,107.13㎡,89.94㎡,2室1厅1厨2卫,南 北,2018-03-31,https://bj.ke.com/ershoufang/101102717227.html
冠城大通百旺府,650,64249,海淀北部新区,101.17㎡,83.58㎡,2室2厅1厨1卫,西南,2018-04-12,https://bj.ke.com/ershoufang/101102763904.html
冠城大通百旺府,650,74894,海淀北部新区,86.79㎡,68.62㎡,2室1厅1厨1卫,南,2018-04-29,https://bj.ke.com/ershoufang/101102820367.html
冠城大通百旺府,780,67697,海淀北部新区,115.22㎡,93.81㎡,2室2厅1厨1卫,南 北,2018-05-24,https://bj.ke.com/ershoufang/101102905948.html
冠城大通百旺府,650,64021,海淀北部新区,101.53㎡,83.88㎡,2室1厅1厨1卫,西南,2018-05-30,https://bj.ke.com/ershoufang/101102923033.html
保利西山林语,660,68323,海淀北部新区,96.6㎡,79.28㎡,2室1厅1厨1卫,南 北,2018-06-16,https://bj.ke.com/ershoufang/101102983237.html
冠城大通百旺府,650,66688,海淀北部新区,97.47㎡,82.83㎡,2室1厅1厨1卫,南 北,2018-06-19,https://bj.ke.com/ershoufang/101102995126.html
正源尚峰尚水,670,62805,海淀北部新区,106.68㎡,91.41㎡,2室1厅1厨1卫,南 北,2018-06-24,https://bj.ke.com/ershoufang/101103014545.html
永泰园,660,59990,清河,110.02㎡,95.08㎡,2室2厅1厨1卫,西 北,2017-06-23,https://bj.ke.com/ershoufang/101101729917.html
清景园,670,67568,清河,99.16㎡,80.26㎡,2室1厅1厨1卫,南 北,2017-09-16,https://bj.ke.com/ershoufang/101102085163.html
永泰园,750,57261,清河,130.98㎡,113.77㎡,2室1厅1厨1卫,东南,2017-09-16,https://bj.ke.com/ershoufang/101102089324.html
清景园,650,66118,清河,98.31㎡,80.55㎡,2室1厅1厨1卫,南 北,2017-09-30,https://bj.ke.com/ershoufang/101102144178.html
怡清园,770,67255,清河,114.49㎡,102.79㎡,2室2厅1厨1卫,南,2017-10-16,https://bj.ke.com/ershoufang/101102199024.html
观景园,718,79320,清河,90.52㎡,79.85㎡,2室1厅1厨1卫,南 北,2017-11-06,https://bj.ke.com/ershoufang/101102277936.html
强佑清河新城,668,76169,清河,87.7㎡,70.45㎡,2室1厅1厨1卫,东,2017-11-08,https://bj.ke.com/ershoufang/101102284725.html
怡清园,770,68022,清河,113.2㎡,101.68㎡,2室1厅1厨1卫,东 南,2017-11-20,https://bj.ke.com/ershoufang/101102323084.html
清缘东里,678,75941,清河,89.28㎡,76.07㎡,2室1厅1厨1卫,西南,2017-11-25,https://bj.ke.com/ershoufang/101102339576.html
强佑清河新城,675,68390,清河,98.7㎡,77.1㎡,2室1厅1厨1卫,东,2017-12-03,https://bj.ke.com/ershoufang/101102364069.html
观景园,700,76553,清河,91.44㎡,77.24㎡,2室1厅1厨1卫,南 北,2017-12-03,https://bj.ke.com/ershoufang/101102366988.html
宝盛里,700,64707,清河,108.18㎡,暂无数据,2室1厅1厨1卫,东 西,2017-12-15,https://bj.ke.com/ershoufang/101102402579.html
清景园,680,67414,清河,100.87㎡,80.16㎡,2室1厅1厨1卫,南,2018-02-04,https://bj.ke.com/ershoufang/101102544264.html
观景园,678,79031,清河,85.79㎡,75.67㎡,2室1厅1厨1卫,西南,2018-02-23,https://bj.ke.com/ershoufang/101102560916.html
强佑清河新城,695,72351,清河,96.06㎡,75.04㎡,2室2厅1厨1卫,西南,2018-02-25,https://bj.ke.com/ershoufang/101102571853.html
观景园,722,79788,清河,90.49㎡,79.85㎡,2室1厅1厨1卫,南 北,2018-02-25,https://bj.ke.com/ershoufang/101102575539.html
观景园,680,74366,清河,91.44㎡,77.24㎡,2室1厅1厨1卫,南 北,2018-02-28,https://bj.ke.com/ershoufang/101102589730.html
清缘东里,650,70515,清河,92.18㎡,78.54㎡,2室2厅1厨1卫,南 北,2018-03-05,https://bj.ke.com/ershoufang/101102611643.html
观景园,700,77726,清河,90.06㎡,79.58㎡,2室1厅1厨1卫,南 北,2018-03-06,https://bj.ke.com/ershoufang/101102616960.html
清景园,680,67241,清河,101.13㎡,80.16㎡,2室1厅1厨1卫,南,2018-03-09,https://bj.ke.com/ershoufang/101102628437.html
强佑清河新城,685,73302,清河,93.45㎡,73.86㎡,2室1厅1厨1卫,西南,2018-03-17,https://bj.ke.com/ershoufang/101102663423.html
橡树湾,670,93799,清河,71.43㎡,56.09㎡,2室1厅1厨1卫,东,2018-03-22,https://bj.ke.com/ershoufang/101102682737.html
观澳园,680,65777,清河,103.38㎡,暂无数据,2室2厅1厨1卫,南 北,2018-03-31,https://bj.ke.com/ershoufang/101102718295.html
观景园,650,71085,清河,91.44㎡,77.24㎡,2室1厅1厨1卫,南 北,2018-04-02,https://bj.ke.com/ershoufang/101102728108.html
观林园,765,77281,清河,98.99㎡,83.33㎡,2室2厅1厨2卫,南 北,2018-04-06,https://bj.ke.com/ershoufang/101102740795.html
莱圳家园,650,69803,清河,93.12㎡,75.16㎡,2室1厅1厨1卫,南 北,2018-04-10,https://bj.ke.com/ershoufang/101102754893.html
世华龙樾,650,85538,清河,75.99㎡,62.66㎡,2室1厅1厨1卫,南 北,2018-04-14,https://bj.ke.com/ershoufang/101102771431.html
莱圳家园,680,71512,清河,95.09㎡,74.85㎡,2室2厅1厨1卫,东 南 西,2018-04-16,https://bj.ke.com/ershoufang/101102776591.html
清景园,650,65413,清河,99.37㎡,80.43㎡,2室1厅1厨1卫,南 北,2018-04-19,https://bj.ke.com/ershoufang/101102786416.html
清景园,680,68198,清河,99.71㎡,79.24㎡,2室1厅1厨1卫,南 北,2018-04-24,https://bj.ke.com/ershoufang/101102801456.html
力度家园,705,61246,清河,115.11㎡,91.14㎡,2室2厅1厨2卫,南,2018-04-30,https://bj.ke.com/ershoufang/101102822493.html
观澳园,720,78784,清河,91.39㎡,75.77㎡,2室1厅0厨1卫,东 西,2018-04-30,https://bj.ke.com/ershoufang/101102823582.html
燕清源,700,67095,清河,104.33㎡,83.19㎡,2室1厅1厨1卫,南 西 北,2018-05-04,https://bj.ke.com/ershoufang/101102834806.html
莱圳家园,680,69092,清河,98.42㎡,76.42㎡,2室1厅1厨1卫,南 北,2018-05-06,https://bj.ke.com/ershoufang/101102841616.html
观景园,668,72918,清河,91.61㎡,77.38㎡,2室1厅1厨1卫,南 北,2018-05-07,https://bj.ke.com/ershoufang/101102848282.html
力度家园,700,63493,清河,110.25㎡,86.44㎡,2室2厅1厨2卫,南 北,2018-05-09,https://bj.ke.com/ershoufang/101102854489.html
观澳园,680,70219,清河,96.84㎡,85.32㎡,2室1厅1厨1卫,南 北,2018-05-17,https://bj.ke.com/ershoufang/101102879046.html
强佑清河新城,650,74303,清河,87.48㎡,70.27㎡,2室1厅1厨1卫,西南,2018-05-18,https://bj.ke.com/ershoufang/101102885161.html
莱圳家园,700,71531,清河,97.86㎡,75.98㎡,2室2厅1厨1卫,南 北,2018-05-19,https://bj.ke.com/ershoufang/101102886751.html
莱圳家园,690,70108,清河,98.42㎡,76.42㎡,2室2厅1厨1卫,南 北,2018-05-20,https://bj.ke.com/ershoufang/101102889982.html
永泰园,720,54042,清河,133.23㎡,暂无数据,2室2厅1厨2卫,西,2018-05-24,https://bj.ke.com/ershoufang/101102906294.html
永泰园,650,59296,清河,109.62㎡,95.08㎡,2室2厅1厨1卫,西,2018-05-25,https://bj.ke.com/ershoufang/101102907138.html
燕清源,750,61759,清河,121.44㎡,95.72㎡,2室2厅1厨2卫,南,2018-05-26,https://bj.ke.com/ershoufang/101102909756.html
清缘东里,680,75014,清河,90.65㎡,78.86㎡,2室1厅1厨1卫,南 北,2018-05-28,https://bj.ke.com/ershoufang/101102917618.html
强佑清河新城,660,74409,清河,88.7㎡,70.74㎡,2室1厅1厨1卫,西,2018-05-28,https://bj.ke.com/ershoufang/101102919924.html
永泰园,708,63080,清河,112.24㎡,暂无数据,2室2厅1厨1卫,南 北,2018-05-29,https://bj.ke.com/ershoufang/101102920552.html
怡清园,760,66382,清河,114.49㎡,102.79㎡,2室1厅1厨1卫,南,2018-05-29,https://bj.ke.com/ershoufang/101102922205.html
强佑清河新城,688,73623,清河,93.45㎡,73.86㎡,2室1厅1厨1卫,西南,2018-06-02,https://bj.ke.com/ershoufang/101102938467.html
永泰园,650,75793,清河,85.76㎡,暂无数据,2室1厅1厨1卫,南 北,2018-06-09,https://bj.ke.com/ershoufang/101102962943.html
观澳园,700,69000,清河,101.45㎡,93.63㎡,2室1厅1厨2卫,南 北,2018-06-17,https://bj.ke.com/ershoufang/101102987263.html
永泰园,700,63625,清河,110.02㎡,95.08㎡,2室2厅1厨1卫,东,2018-06-20,https://bj.ke.com/ershoufang/101102996462.html
观景园,695,76694,清河,90.62㎡,79.85㎡,2室1厅1厨1卫,南 北,2018-06-20,https://bj.ke.com/ershoufang/101102997077.html
永泰园,670,56761,清河,118.04㎡,102.39㎡,2室1厅1厨1卫,西南,2018-06-25,https://bj.ke.com/ershoufang/101103015989.html
华盛家园,785,76103,牡丹园,103.15㎡,暂无数据,2室1厅1厨1卫,西北,2017-02-15,https://bj.ke.com/ershoufang/101101178318.html
都景苑,800,74774,牡丹园,106.99㎡,87.34㎡,2室1厅1厨1卫,西北,2017-09-01,https://bj.ke.com/ershoufang/101102025603.html
中鑫嘉园,788,84495,牡丹园,93.26㎡,72.61㎡,2室1厅1厨1卫,西北,2017-10-15,https://bj.ke.com/ershoufang/101102194099.html
邮科社区,780,94192,牡丹园,82.81㎡,暂无数据,2室1厅1厨1卫,东北,2018-03-11,https://bj.ke.com/ershoufang/101102640435.html
中鑫嘉园,790,81503,牡丹园,96.93㎡,暂无数据,2室1厅1厨1卫,东北,2018-05-23,https://bj.ke.com/ershoufang/101102900812.html
邮科社区,800,96607,牡丹园,82.81㎡,55.91㎡,2室1厅1厨1卫,东北,2018-05-26,https://bj.ke.com/ershoufang/101102912324.html
玉海园三里,675,77117,玉泉路,87.53㎡,暂无数据,2室2厅1厨1卫,南 北,2017-04-08,https://bj.ke.com/ershoufang/101101448483.html
玉阜嘉园,670,72409,玉泉路,92.53㎡,78.83㎡,2室1厅1厨1卫,东 北,2017-09-28,https://bj.ke.com/ershoufang/101102136533.html
玉阜嘉园,780,68614,玉泉路,113.68㎡,97.8㎡,2室1厅1厨2卫,西北,2017-10-16,https://bj.ke.com/ershoufang/101102197847.html
玉阜嘉园,780,68614,玉泉路,113.68㎡,97.8㎡,2室2厅1厨2卫,东北,2018-02-08,https://bj.ke.com/ershoufang/101102551954.html
玉阜嘉园,670,71133,玉泉路,94.19㎡,77.89㎡,2室1厅1厨1卫,西,2018-04-04,https://bj.ke.com/ershoufang/101102732499.html
玉阜嘉园,760,70195,玉泉路,108.27㎡,89.53㎡,2室1厅1厨1卫,东 西,2018-05-12,https://bj.ke.com/ershoufang/101102863451.html
玉阜嘉园,780,73329,玉泉路,106.37㎡,87.96㎡,2室1厅1厨2卫,西,2018-05-16,https://bj.ke.com/ershoufang/101102875066.html
玉阜嘉园,730,70991,玉泉路,102.83㎡,85.03㎡,2室1厅1厨2卫,西,2018-06-17,https://bj.ke.com/ershoufang/101102987884.html
玉海园五里,660,80488,玉泉路,82㎡,暂无数据,2室1厅1厨1卫,南 东 西,2018-06-23,https://bj.ke.com/ershoufang/101103011002.html
玉阜嘉园,715,72413,玉泉路,98.74㎡,暂无数据,2室1厅1厨1卫,东 西,2018-06-25,https://bj.ke.com/ershoufang/101103015785.html
海赋国际,695,103269,甘家口,67.3㎡,56.48㎡,2室1厅1厨1卫,东北,2017-12-16,https://bj.ke.com/ershoufang/101102406202.html
高第小区,780,92604,甘家口,84.23㎡,66.48㎡,2室1厅1厨1卫,西北,2018-01-30,https://bj.ke.com/ershoufang/101102530968.html
景熙国际,780,82357,甘家口,94.71㎡,75㎡,2室2厅1厨1卫,东南,2018-04-24,https://bj.ke.com/ershoufang/101102801108.html
乐府江南,780,94891,田村,82.2㎡,70.68㎡,2室1厅1厨2卫,西北,2017-03-25,https://bj.ke.com/ershoufang/101101386819.html
乐府江南,781,94897,田村,82.3㎡,70.77㎡,2室1厅1厨2卫,西北,2017-07-05,https://bj.ke.com/ershoufang/101101779486.html
自由度,720,60277,田村,119.45㎡,97.17㎡,2室2厅1厨2卫,东北,2017-09-17,https://bj.ke.com/ershoufang/101102091376.html
碧森里,720,78905,田村,91.25㎡,76.76㎡,2室2厅1厨1卫,南 北,2017-12-04,https://bj.ke.com/ershoufang/101102367988.html
西山洋房,650,72416,田村,89.76㎡,73.9㎡,2室1厅1厨1卫,南 北,2018-01-06,https://bj.ke.com/ershoufang/101102465577.html
雅世合金公寓,679,94332,田村,71.98㎡,57.72㎡,2室1厅1厨2卫,东,2018-01-18,https://bj.ke.com/ershoufang/101102499466.html
永达逸家,660,65731,田村,100.41㎡,86.74㎡,2室1厅1厨1卫,南 北,2018-02-04,https://bj.ke.com/ershoufang/101102544032.html
兰德华庭,780,76992,田村,101.31㎡,84.31㎡,2室1厅1厨1卫,南 西,2018-03-30,https://bj.ke.com/ershoufang/101102715458.html
景宜里,668,68753,田村,97.16㎡,83.74㎡,2室1厅1厨1卫,南,2018-04-15,https://bj.ke.com/ershoufang/101102772049.html
景宜里,718,74777,田村,96.02㎡,83.49㎡,2室1厅1厨1卫,南 北,2018-04-18,https://bj.ke.com/ershoufang/101102782636.html
熙湖,780,66519,田村,117.26㎡,96.48㎡,2室2厅1厨2卫,南 北,2018-04-19,https://bj.ke.com/ershoufang/101102786293.html
绿谷雅园,650,57974,田村,112.12㎡,100.58㎡,2室2厅1厨1卫,南 北,2018-04-21,https://bj.ke.com/ershoufang/101102792710.html
永达逸家,680,68328,田村,99.52㎡,85.8㎡,2室1厅1厨2卫,西北,2018-04-28,https://bj.ke.com/ershoufang/101102816268.html
熙湖,748,64920,田村,115.22㎡,96.28㎡,2室2厅1厨2卫,东 西,2018-05-05,https://bj.ke.com/ershoufang/101102840369.html
熙湖,800,69433,田村,115.22㎡,96.28㎡,2室2厅1厨2卫,东 西,2018-05-05,https://bj.ke.com/ershoufang/101102840494.html
雅世合金公寓,790,92301,田村,85.59㎡,69.73㎡,2室1厅1厨1卫,东南,2018-05-13,https://bj.ke.com/ershoufang/101102868828.html
田村33号院,680,65047,田村,104.54㎡,暂无数据,2室1厅1厨1卫,南,2018-05-16,https://bj.ke.com/ershoufang/101102878300.html
丹青府,750,85725,田村,87.49㎡,70.13㎡,2室1厅1厨1卫,南 北,2018-05-16,https://bj.ke.com/ershoufang/101102878851.html
雅世合金公寓,670,91182,田村,73.48㎡,58.93㎡,2室1厅1厨1卫,东,2018-05-25,https://bj.ke.com/ershoufang/101102909054.html
雅世合金公寓,800,88477,田村,90.42㎡,72.51㎡,2室1厅1厨2卫,东 西,2018-05-27,https://bj.ke.com/ershoufang/101102916623.html
雪芳园,749,71395,田村,104.91㎡,89.22㎡,2室2厅1厨1卫,南 西,2018-05-31,https://bj.ke.com/ershoufang/101102928506.html
熙湖,760,66220,田村,114.77㎡,95.9㎡,2室1厅1厨2卫,东 西,2018-06-04,https://bj.ke.com/ershoufang/101102943368.html
绿谷雅园,720,67404,田村,106.82㎡,96.04㎡,2室1厅1厨1卫,南 北,2018-06-22,https://bj.ke.com/ershoufang/101103003997.html
学院派,680,79172,皂君庙,85.89㎡,63.67㎡,2室1厅1厨1卫,东,2018-03-04,https://bj.ke.com/ershoufang/101102607528.html
文林大厦,655,62139,皂君庙,105.41㎡,79.06㎡,2室1厅1厨1卫,东南,2018-05-20,https://bj.ke.com/ershoufang/101102890438.html
学院派,680,79172,皂君庙,85.89㎡,63.67㎡,2室1厅1厨1卫,西,2018-05-28,https://bj.ke.com/ershoufang/101102919369.html
太月园,790,94589,知春路,83.52㎡,75㎡,2室1厅1厨1卫,东南,2017-08-27,https://bj.ke.com/ershoufang/101102003262.html
汉荣家园,680,80914,知春路,84.04㎡,暂无数据,2室2厅1厨1卫,东,2017-10-06,https://bj.ke.com/ershoufang/101102158967.html
太月园,750,83940,知春路,89.35㎡,暂无数据,2室1厅1厨1卫,南 西,2017-12-08,https://bj.ke.com/ershoufang/101102379771.html
太阳园,750,97013,知春路,77.31㎡,62.75㎡,2室1厅1厨1卫,东南,2017-12-27,https://bj.ke.com/ershoufang/101102438533.html
碧兴园,755,84001,知春路,89.88㎡,72.12㎡,2室1厅1厨1卫,西,2018-02-01,https://bj.ke.com/ershoufang/101102537188.html
碧兴园,760,99607,知春路,76.3㎡,61.26㎡,2室1厅1厨1卫,南,2018-03-03,https://bj.ke.com/ershoufang/101102604567.html
罗庄南里,700,81920,知春路,85.45㎡,暂无数据,2室2厅1厨1卫,南 北,2018-03-16,https://bj.ke.com/ershoufang/101102658887.html
汉荣家园,738,87545,知春路,84.3㎡,暂无数据,2室1厅1厨1卫,西南,2018-03-30,https://bj.ke.com/ershoufang/101102713399.html
锦秋知春,800,93524,知春路,85.54㎡,暂无数据,2室1厅1厨1卫,西北,2018-03-31,https://bj.ke.com/ershoufang/101102718452.html
太月园,800,89396,知春路,89.49㎡,暂无数据,2室1厅1厨1卫,东南,2018-03-31,https://bj.ke.com/ershoufang/101102720937.html
太月园,790,87788,知春路,89.99㎡,75㎡,2室1厅1厨1卫,东南,2018-05-27,https://bj.ke.com/ershoufang/101102914170.html
汉荣家园,738,87545,知春路,84.3㎡,暂无数据,2室1厅1厨1卫,西,2018-06-16,https://bj.ke.com/ershoufang/101102986369.html
汉荣家园,740,88054,知春路,84.04㎡,暂无数据,2室2厅1厨1卫,东,2018-06-18,https://bj.ke.com/ershoufang/101102990487.html
豪柏大厦,800,38020,紫竹桥,210.42㎡,151.8㎡,2室1厅0厨1卫,西南,2017-06-02,https://bj.ke.com/ershoufang/101101650841.html
气象西苑,700,77943,紫竹桥,89.81㎡,暂无数据,2室1厅1厨1卫,东,2018-03-10,https://bj.ke.com/ershoufang/101102633870.html
世纪新景,700,87261,紫竹桥,80.22㎡,67.79㎡,2室1厅1厨1卫,西北,2018-04-03,https://bj.ke.com/ershoufang/101102729121.html
豪柏国际公寓,665,79575,紫竹桥,83.57㎡,65.9㎡,2室1厅1厨1卫,西南,2018-05-09,https://bj.ke.com/ershoufang/101102853469.html
豪柏国际公寓,680,82948,紫竹桥,81.98㎡,64.65㎡,2室1厅1厨1卫,东南,2018-05-18,https://bj.ke.com/ershoufang/101102883963.html
三虎桥南路25号院,650,91037,紫竹桥,71.4㎡,暂无数据,2室1厅1厨1卫,东 南 北,2018-05-24,https://bj.ke.com/ershoufang/101102904327.html
芍药居北里,700,75051,芍药居,93.27㎡,75.79㎡,2室1厅1厨1卫,西南,2016-12-11,https://bj.ke.com/ershoufang/101100949666.html
芍药居北里,745,73880,芍药居,100.84㎡,81.55㎡,2室1厅1厨1卫,南,2017-02-06,https://bj.ke.com/ershoufang/101101122595.html
芍药居北里,780,75276,芍药居,103.62㎡,82.83㎡,2室1厅1厨1卫,东 东南,2017-07-16,https://bj.ke.com/ershoufang/101101825071.html
绿雅阁,760,74437,芍药居,102.1㎡,83.71㎡,2室1厅1厨1卫,东,2017-09-12,https://bj.ke.com/ershoufang/101102069354.html
芍药居北里,660,71091,芍药居,92.84㎡,75.82㎡,2室1厅1厨1卫,东 东南,2017-11-26,https://bj.ke.com/ershoufang/101102342014.html
芍药居北里,735,75393,芍药居,97.49㎡,75.59㎡,2室1厅1厨1卫,西,2017-12-11,https://bj.ke.com/ershoufang/101102390747.html
芍药居北里,680,69751,芍药居,97.49㎡,暂无数据,2室1厅1厨1卫,西,2017-12-11,https://bj.ke.com/ershoufang/101102390803.html
绿雅阁,730,75336,芍药居,96.9㎡,78.88㎡,2室1厅1厨1卫,东,2017-12-28,https://bj.ke.com/ershoufang/101102439785.html
吉利家园,799,69346,芍药居,115.22㎡,93.96㎡,2室1厅1厨1卫,西,2017-12-30,https://bj.ke.com/ershoufang/101102444729.html
芍药居北里,715,82870,芍药居,86.28㎡,70.46㎡,2室1厅1厨1卫,东南,2018-01-07,https://bj.ke.com/ershoufang/101102470309.html
芍药居北里,800,74935,芍药居,106.76㎡,85.39㎡,2室1厅1厨1卫,东 西,2018-01-12,https://bj.ke.com/ershoufang/101102482471.html
芍药居北里,750,78840,芍药居,95.13㎡,73.45㎡,2室1厅1厨1卫,南 北,2018-01-30,https://bj.ke.com/ershoufang/101102531983.html
世嘉座,780,85070,芍药居,91.69㎡,75.82㎡,2室1厅1厨1卫,西,2018-01-31,https://bj.ke.com/ershoufang/101102532324.html
芍药居北里,760,82421,芍药居,92.21㎡,72.55㎡,2室1厅1厨1卫,西南,2018-02-28,https://bj.ke.com/ershoufang/101102590154.html
芍药居北里,685,77806,芍药居,88.04㎡,68.26㎡,2室1厅1厨1卫,西,2018-03-02,https://bj.ke.com/ershoufang/101102597617.html
芍药居北里,750,77898,芍药居,96.28㎡,78.63㎡,2室1厅1厨1卫,东南,2018-03-12,https://bj.ke.com/ershoufang/101102645191.html
世捷座,760,82332,芍药居,92.31㎡,78.84㎡,2室1厅1厨1卫,西南,2018-03-30,https://bj.ke.com/ershoufang/101102713151.html
世嘉座,755,82343,芍药居,91.69㎡,75.82㎡,2室1厅1厨1卫,西,2018-04-02,https://bj.ke.com/ershoufang/101102727061.html
芍药居北里,720,71621,芍药居,100.53㎡,82.1㎡,2室1厅1厨1卫,南 北,2018-04-11,https://bj.ke.com/ershoufang/101102758099.html
芍药居北里,750,79056,芍药居,94.87㎡,75.72㎡,2室1厅1厨1卫,南 北,2018-04-15,https://bj.ke.com/ershoufang/101102772031.html
芍药居北里,680,73245,芍药居,92.84㎡,75.82㎡,2室1厅1厨1卫,东南,2018-04-20,https://bj.ke.com/ershoufang/101102791069.html
吉利家园,775,64686,芍药居,119.81㎡,暂无数据,2室1厅1厨1卫,西,2018-04-21,https://bj.ke.com/ershoufang/101102793453.html
芍药居北里,700,79864,芍药居,87.65㎡,暂无数据,2室1厅1厨1卫,西南 西,2018-04-23,https://bj.ke.com/ershoufang/101102800504.html
芍药居北里,720,79974,芍药居,90.03㎡,73.52㎡,2室1厅1厨1卫,东,2018-05-04,https://bj.ke.com/ershoufang/101102836822.html
世嘉座,700,76345,芍药居,91.69㎡,75.82㎡,2室1厅1厨1卫,东,2018-05-14,https://bj.ke.com/ershoufang/101102869607.html
芍药居甲2号院,800,79208,芍药居,101㎡,82㎡,2室1厅1厨1卫,南,2018-05-18,https://bj.ke.com/ershoufang/101102884103.html
芍药居北里,720,84044,芍药居,85.67㎡,69.96㎡,2室1厅1厨2卫,东 南,2018-05-23,https://bj.ke.com/ershoufang/101102902733.html
芍药居北里,750,79198,芍药居,94.7㎡,75.71㎡,2室1厅1厨1卫,南 北,2018-05-28,https://bj.ke.com/ershoufang/101102917398.html
东方城,798,67411,芍药居,118.38㎡,95.79㎡,2室2厅1厨1卫,东南,2018-05-29,https://bj.ke.com/ershoufang/101102921233.html
芍药居北里,730,72616,芍药居,100.53㎡,82.1㎡,2室1厅1厨1卫,南 北,2018-06-01,https://bj.ke.com/ershoufang/101102934439.html
世捷座,741,87890,芍药居,84.31㎡,72.01㎡,2室1厅1厨1卫,西,2018-06-04,https://bj.ke.com/ershoufang/101102945219.html
吉利家园,775,67263,芍药居,115.22㎡,93.96㎡,2室1厅1厨1卫,东,2018-06-07,https://bj.ke.com/ershoufang/101102956178.html
芍药居北里,760,86335,芍药居,88.03㎡,70.26㎡,2室1厅1厨1卫,南,2018-06-23,https://bj.ke.com/ershoufang/101103009691.html
芍药居北里,770,85480,芍药居,90.08㎡,71.68㎡,2室1厅1厨1卫,南,2018-06-23,https://bj.ke.com/ershoufang/101103009772.html
芍药居北里,650,76444,芍药居,85.03㎡,暂无数据,2室1厅1厨1卫,南 北,2018-06-26,https://bj.ke.com/ershoufang/101103021017.html
艾瑟顿,770,74940,苏州桥,102.75㎡,72.76㎡,2室1厅1厨1卫,西 东北,2017-02-15,https://bj.ke.com/ershoufang/101101175073.html
紫金庄园,770,82975,苏州桥,92.8㎡,80㎡,2室1厅1厨1卫,东,2018-03-20,https://bj.ke.com/ershoufang/101102677764.html
万泉河62号院,750,93133,苏州桥,80.53㎡,54.42㎡,2室1厅1厨1卫,东南,2018-04-11,https://bj.ke.com/ershoufang/101102759350.html
稻香园西里,740,107935,苏州桥,68.56㎡,暂无数据,2室1厅1厨1卫,东 西,2018-05-14,https://bj.ke.com/ershoufang/101102869483.html
大河庄苑,780,112344,苏州桥,69.43㎡,58.25㎡,2室1厅1厨1卫,东南,2018-05-22,https://bj.ke.com/ershoufang/101102897232.html
大河庄苑,780,112344,苏州桥,69.43㎡,58.25㎡,2室1厅1厨1卫,西南,2018-06-10,https://bj.ke.com/ershoufang/101102966037.html
万泉河62号院,750,90156,苏州桥,83.19㎡,暂无数据,2室1厅1厨1卫,北,2018-06-18,https://bj.ke.com/ershoufang/101102992596.html
育新花园,660,71654,西三旗,92.11㎡,64.01㎡,2室1厅1厨1卫,西北,2017-10-07,https://bj.ke.com/ershoufang/101102161477.html
新康园,650,55123,西三旗,117.92㎡,95.8㎡,2室1厅1厨2卫,东 西北,2018-01-07,https://bj.ke.com/ershoufang/101102469881.html
育新花园,660,71654,西三旗,92.11㎡,64.01㎡,2室1厅1厨1卫,东南,2018-03-09,https://bj.ke.com/ershoufang/101102628462.html
枫丹丽舍,730,74105,西三旗,98.51㎡,89.1㎡,2室1厅1厨1卫,南 北,2018-05-29,https://bj.ke.com/ershoufang/101102922785.html
枫丹丽舍,786,70305,西三旗,111.8㎡,102.5㎡,2室2厅1厨1卫,南 北,2018-06-09,https://bj.ke.com/ershoufang/101102963332.html
枫丹丽舍,750,71971,西三旗,104.21㎡,95.04㎡,2室2厅1厨1卫,南 北,2018-06-21,https://bj.ke.com/ershoufang/101103000760.html
博雅德园,665,73514,西二旗,90.46㎡,74.87㎡,2室1厅1厨1卫,南 北,2017-10-04,https://bj.ke.com/ershoufang/101102152573.html
领秀新硅谷2号院,680,83972,西二旗,80.98㎡,71.18㎡,2室1厅1厨1卫,东 西,2018-03-13,https://bj.ke.com/ershoufang/101102648917.html
领秀新硅谷2号院,690,78939,西二旗,87.41㎡,73.14㎡,2室1厅1厨1卫,南,2018-05-15,https://bj.ke.com/ershoufang/101102874710.html
领秀新硅谷1号院,800,83595,西二旗,95.7㎡,81.78㎡,2室1厅1厨1卫,南 北,2018-05-26,https://bj.ke.com/ershoufang/101102912073.html
领秀新硅谷2号院,720,82371,西二旗,87.41㎡,73.14㎡,2室2厅1厨1卫,南,2018-06-11,https://bj.ke.com/ershoufang/101102968113.html
博雅德园,720,69458,西二旗,103.66㎡,84.07㎡,2室2厅1厨1卫,南,2018-06-21,https://bj.ke.com/ershoufang/101103000328.html
博雅德园,650,68733,西二旗,94.57㎡,80.84㎡,2室1厅1厨1卫,南,2018-06-22,https://bj.ke.com/ershoufang/101103004150.html
百旺茉莉园,768,88023,西北旺,87.25㎡,74.5㎡,2室1厅1厨1卫,东南,2017-09-13,https://bj.ke.com/ershoufang/101102073602.html
百旺茉莉园,738,83702,西北旺,88.17㎡,75.33㎡,2室1厅1厨1卫,南,2018-05-16,https://bj.ke.com/ershoufang/101102876164.html
百旺茉莉园,750,85960,西北旺,87.25㎡,74.5㎡,2室1厅1厨1卫,南,2018-05-19,https://bj.ke.com/ershoufang/101102885869.html
润千秋佳苑,670,83521,西北旺,80.22㎡,66.36㎡,2室1厅1厨1卫,东 西,2018-06-18,https://bj.ke.com/ershoufang/101102990370.html
远洋风景,720,98820,西直门,72.86㎡,暂无数据,2室1厅1厨1卫,东 西,2017-11-11,https://bj.ke.com/ershoufang/101102293630.html
海云轩,715,76129,西直门,93.92㎡,72.56㎡,2室1厅1厨1卫,西,2017-11-18,https://bj.ke.com/ershoufang/101102316114.html
高梁桥斜街乙40号院,778,98932,西直门,78.64㎡,暂无数据,2室1厅1厨1卫,东,2018-01-09,https://bj.ke.com/ershoufang/101102473658.html
北坞嘉园北里,780,81667,颐和园,95.51㎡,81.36㎡,2室2厅1厨1卫,南 北,2018-05-09,https://bj.ke.com/ershoufang/101102852993.html
新建宫门11号院,780,103848,颐和园,75.11㎡,58.83㎡,2室1厅1厨1卫,东北,2018-05-16,https://bj.ke.com/ershoufang/101102876425.html
北坞嘉园北里,665,80744,颐和园,82.36㎡,69㎡,2室2厅1厨1卫,南 北,2018-06-11,https://bj.ke.com/ershoufang/101102967965.html
七彩华园,698,70863,马连洼,98.5㎡,89.08㎡,2室1厅1厨1卫,东 南 北,2017-03-27,https://bj.ke.com/ershoufang/101101397618.html
裕隆新村,700,76145,马连洼,91.93㎡,79.58㎡,2室1厅1厨1卫,南 北,2017-06-06,https://bj.ke.com/ershoufang/101101669872.html
裕祺隆园,739,79360,马连洼,93.12㎡,81.86㎡,2室2厅1厨1卫,东 西,2017-06-21,https://bj.ke.com/ershoufang/101101722282.html
七彩华园,760,82127,马连洼,92.54㎡,暂无数据,2室1厅1厨1卫,南 北,2017-11-17,https://bj.ke.com/ershoufang/101102313803.html
裕隆新村,700,80888,马连洼,86.54㎡,76.44㎡,2室2厅1厨1卫,南 北,2018-04-20,https://bj.ke.com/ershoufang/101102790784.html
裕隆新村,680,80000,马连洼,85㎡,75.08㎡,2室2厅1厨1卫,南 北,2018-04-20,https://bj.ke.com/ershoufang/101102790795.html
天秀花园安和园,650,92554,马连洼,70.23㎡,暂无数据,2室1厅1厨1卫,南 北,2018-05-18,https://bj.ke.com/ershoufang/101102882974.html
天秀花园安和园,750,88747,马连洼,84.51㎡,暂无数据,2室2厅1厨1卫,南 北,2018-05-21,https://bj.ke.com/ershoufang/101102895223.html
天秀花园澄秀园,725,79978,马连洼,90.65㎡,80.58㎡,2室1厅1厨1卫,南 北,2018-05-28,https://bj.ke.com/ershoufang/101102920122.html
天秀花园安和园,679,80604,马连洼,84.24㎡,暂无数据,2室2厅1厨1卫,南 北,2018-06-01,https://bj.ke.com/ershoufang/101102930501.html
天秀花园安和园,678,86790,马连洼,78.12㎡,暂无数据,2室2厅1厨1卫,南 北,2018-06-02,https://bj.ke.com/ershoufang/101102937631.html
天秀花园安和园,730,85271,马连洼,85.61㎡,暂无数据,2室2厅1厨1卫,南 北,2018-06-09,https://bj.ke.com/ershoufang/101102962673.html
梅园甲,768,72921,马连洼,105.32㎡,暂无数据,2室1厅1厨1卫,南 北,2018-06-15,https://bj.ke.com/ershoufang/101102981024.html
天秀花园安和园,710,90886,马连洼,78.12㎡,暂无数据,2室2厅1厨1卫,南 北,2018-06-25,https://bj.ke.com/ershoufang/101103016693.html
裕祺隆园,800,87595,马连洼,91.33㎡,80.28㎡,2室1厅1厨1卫,东 西,2018-06-27,https://bj.ke.com/ershoufang/101103023784.html
韦伯豪家园,750,95323,魏公村,78.68㎡,暂无数据,2室1厅1厨1卫,南,2017-04-01,https://bj.ke.com/ershoufang/101101416435.html
民族大学西路60号院,651,82772,魏公村,78.65㎡,暂无数据,2室1厅1厨1卫,西,2018-06-14,https://bj.ke.com/ershoufang/101102977857.html
