xiaoqu,total_price,unit_price,district,region,build_area,house_area,room,orientations,guapai_time,url
保利百合,658,84959,丰台,丽泽,77.45㎡,61.14㎡,2室1厅1厨1卫,南,2018-04-13,https://bj.ke.com/ershoufang/101102765559.html
保利百合,732,84929,丰台,丽泽,86.19㎡,68.04㎡,2室1厅1厨1卫,西南 北,2018-04-15,https://bj.ke.com/ershoufang/101102775187.html
保利百合,658,82872,丰台,丽泽,79.4㎡,61.49㎡,2室1厅1厨1卫,南,2018-05-21,https://bj.ke.com/ershoufang/101102894970.html
保利百合,663,84924,丰台,丽泽,78.07㎡,61.63㎡,2室1厅1厨1卫,南,2018-07-03,https://bj.ke.com/ershoufang/101103047201.html
京铁家园,660,50114,丰台,六里桥,131.7㎡,106.25㎡,2室1厅1厨2卫,南 北,2018-06-21,https://bj.ke.com/ershoufang/101103000626.html
永翌公馆,650,68128,丰台,六里桥,95.41㎡,77.28㎡,2室1厅1厨1卫,东南,2018-06-25,https://bj.ke.com/ershoufang/101103017462.html
莲香园,680,62449,丰台,六里桥,108.89㎡,91.18㎡,2室1厅1厨1卫,南 东,2017-11-28,https://bj.ke.com/ershoufang/101102346121.html
风荷曲苑,750,81691,丰台,六里桥,91.81㎡,74.66㎡,2室1厅1厨1卫,西北,2017-07-05,https://bj.ke.com/ershoufang/101101777368.html
风荷曲苑,812,83963,丰台,六里桥,96.71㎡,79㎡,2室1厅1厨1卫,西北,2017-12-28,https://bj.ke.com/ershoufang/101102439006.html
风荷曲苑,812,83963,丰台,六里桥,96.71㎡,79㎡,2室2厅1厨1卫,西北,2017-12-28,https://bj.ke.com/ershoufang/101102439204.html
风荷曲苑,796,83931,丰台,六里桥,94.84㎡,77.16㎡,2室2厅1厨1卫,西北,2018-01-20,https://bj.ke.com/ershoufang/101102506144.html
风荷曲苑,758,79925,丰台,六里桥,94.84㎡,77.16㎡,2室1厅1厨1卫,东 北,2018-05-13,https://bj.ke.com/ershoufang/101102868985.html
风荷曲苑,720,75918,丰台,六里桥,94.84㎡,77.16㎡,2室2厅1厨1卫,西北,2018-05-31,https://bj.ke.com/ershoufang/101102929526.html
风荷曲苑,780,82244,丰台,六里桥,94.84㎡,77.16㎡,2室2厅1厨1卫,东北,2018-06-29,https://bj.ke.com/ershoufang/101103032144.html
风荷曲苑,780,80654,丰台,六里桥,96.71㎡,79㎡,2室1厅1厨1卫,东北,2018-07-03,https://bj.ke.com/ershoufang/101103047337.html
风荷曲苑,835,84953,丰台,六里桥,98.29㎡,79.96㎡,2室1厅1厨2卫,南,2018-07-09,https://bj.ke.com/ershoufang/101103070729.html
世纪金色嘉园,720,77187,丰台,北京南站,93.28㎡,79.29㎡,2室1厅1厨1卫,西,2017-11-19,https://bj.ke.com/ershoufang/101102320818.html
世纪金色嘉园,720,77503,丰台,北京南站,92.9㎡,78.97㎡,2室1厅1厨1卫,西,2018-02-24,https://bj.ke.com/ershoufang/101102567138.html
世纪金色嘉园,725,78041,丰台,北京南站,92.9㎡,78.97㎡,2室1厅1厨1卫,东,2018-04-07,https://bj.ke.com/ershoufang/101102745974.html
世纪金色嘉园,730,78580,丰台,北京南站,92.9㎡,78.97㎡,2室1厅1厨1卫,东,2018-04-14,https://bj.ke.com/ershoufang/101102771157.html
世纪金色嘉园,845,68471,丰台,北京南站,123.41㎡,105.9㎡,2室2厅1厨2卫,东 北,2018-05-02,https://bj.ke.com/ershoufang/101102827892.html
世纪金色嘉园,760,79266,丰台,北京南站,95.88㎡,81.5㎡,2室2厅1厨1卫,东南,2018-05-19,https://bj.ke.com/ershoufang/101102885986.html
世纪金色嘉园,850,69213,丰台,北京南站,122.81㎡,105.38㎡,2室1厅1厨1卫,东北,2018-05-22,https://bj.ke.com/ershoufang/101102895887.html
世纪金色嘉园,740,71664,丰台,北京南站,103.26㎡,87.78㎡,2室1厅1厨1卫,东,2018-06-02,https://bj.ke.com/ershoufang/101102936687.html
右外大街4号院,732,54939,丰台,北京南站,133.24㎡,101.34㎡,2室1厅1厨2卫,东 北,2018-04-02,https://bj.ke.com/ershoufang/101102726011.html
开阳里三区,675,68717,丰台,北京南站,98.23㎡,89.32㎡,2室1厅1厨2卫,南 北,2018-04-09,https://bj.ke.com/ershoufang/101102753181.html
开阳里三区,720,73298,丰台,北京南站,98.23㎡,89.32㎡,2室1厅1厨2卫,南 北,2018-04-16,https://bj.ke.com/ershoufang/101102775757.html
开阳里六区,700,56530,丰台,北京南站,123.83㎡,103.5㎡,2室1厅1厨2卫,西南,2016-12-19,https://bj.ke.com/ershoufang/101100980857.html
开阳里六区,780,63940,丰台,北京南站,121.99㎡,103.02㎡,2室2厅1厨2卫,西南,2017-09-29,https://bj.ke.com/ershoufang/101102137981.html
开阳里六区,750,59662,丰台,北京南站,125.71㎡,105.07㎡,2室2厅1厨2卫,西南,2017-10-16,https://bj.ke.com/ershoufang/101102198757.html
开阳里六区,710,58202,丰台,北京南站,121.99㎡,103.02㎡,2室2厅1厨2卫,西南,2018-03-14,https://bj.ke.com/ershoufang/101102654320.html
开阳里六区,665,53703,丰台,北京南站,123.83㎡,103.5㎡,2室1厅1厨2卫,西南,2018-03-17,https://bj.ke.com/ershoufang/101102663213.html
开阳里六区,780,72223,丰台,北京南站,108㎡,85.99㎡,2室1厅1厨1卫,西南,2018-06-23,https://bj.ke.com/ershoufang/101103008818.html
鼎立水岸家园,795,70020,丰台,北京南站,113.54㎡,91.65㎡,2室2厅1厨2卫,南 北,2018-01-03,https://bj.ke.com/ershoufang/101102456271.html
鼎立水岸家园,800,79508,丰台,北京南站,100.62㎡,82.71㎡,2室1厅1厨1卫,南,2018-02-08,https://bj.ke.com/ershoufang/101102553450.html
鼎立水岸家园,750,69112,丰台,北京南站,108.52㎡,87.6㎡,2室1厅1厨1卫,东北,2018-02-28,https://bj.ke.com/ershoufang/101102587505.html
鼎立水岸家园,835,82986,丰台,北京南站,100.62㎡,82.71㎡,2室1厅1厨1卫,南,2018-04-16,https://bj.ke.com/ershoufang/101102778053.html
鼎立水岸家园,750,84794,丰台,北京南站,88.45㎡,72.71㎡,2室1厅1厨1卫,南,2018-04-24,https://bj.ke.com/ershoufang/101102801930.html
鼎立水岸家园,750,70101,丰台,北京南站,106.99㎡,89.06㎡,2室1厅1厨1卫,西 北,2018-05-03,https://bj.ke.com/ershoufang/101102830435.html
丽泽雅园,713,63975,丰台,马连道,111.45㎡,暂无数据,2室1厅1厨1卫,西南 北,2018-05-14,https://bj.ke.com/ershoufang/101102869916.html
丽泽雅园,750,67295,丰台,马连道,111.45㎡,92.49㎡,2室1厅1厨1卫,西南 北,2018-05-14,https://bj.ke.com/ershoufang/101102871939.html
康宁居,718,83016,丰台,马连道,86.49㎡,72.7㎡,2室2厅1厨1卫,西南,2018-02-07,https://bj.ke.com/ershoufang/101102549849.html
九台2000家园,800,73254,朝阳,亚运村,109.21㎡,88.21㎡,2室1厅1厨2卫,东,2018-03-25,https://bj.ke.com/ershoufang/101102699640.html
保利金泉,800,81475,朝阳,亚运村,98.19㎡,77㎡,2室2厅1厨1卫,东,2017-11-10,https://bj.ke.com/ershoufang/101102290212.html
保利金泉,800,81277,朝阳,亚运村,98.43㎡,77㎡,2室2厅1厨1卫,东北,2018-03-25,https://bj.ke.com/ershoufang/101102697873.html
保利金泉,808,82181,朝阳,亚运村,98.32㎡,77㎡,2室2厅1厨1卫,东北,2018-05-27,https://bj.ke.com/ershoufang/101102915524.html
大屯里小区,650,70271,朝阳,亚运村,92.5㎡,77.96㎡,2室1厅1厨1卫,南,2018-07-08,https://bj.ke.com/ershoufang/101103064097.html
天创世缘,790,70643,朝阳,亚运村,111.83㎡,89.37㎡,2室2厅1厨2卫,南,2018-07-02,https://bj.ke.com/ershoufang/101103044173.html
润枫德尚苑,780,53734,朝阳,亚运村,145.16㎡,114㎡,2室1厅1厨1卫,西北,2018-03-21,https://bj.ke.com/ershoufang/101102678709.html
亚运豪庭,720,67842,朝阳,亚运村小营,106.13㎡,84.06㎡,2室1厅1厨1卫,东,2018-06-29,https://bj.ke.com/ershoufang/101103031228.html
嘉铭桐城C区,815,80399,朝阳,亚运村小营,101.37㎡,85.37㎡,2室2厅1厨1卫,西南,2018-05-29,https://bj.ke.com/ershoufang/101102922641.html
紫薇天悦,790,78467,朝阳,亚运村小营,100.68㎡,81.6㎡,2室2厅1厨1卫,西南,2018-06-27,https://bj.ke.com/ershoufang/101103021972.html
紫薇天悦,780,77474,朝阳,亚运村小营,100.68㎡,81.6㎡,2室1厅1厨1卫,西南,2018-07-04,https://bj.ke.com/ershoufang/101103047798.html
锦绣馨园,750,73878,朝阳,亚运村小营,101.52㎡,83.98㎡,2室1厅1厨1卫,东南,2018-05-26,https://bj.ke.com/ershoufang/101102910713.html
华严北里8号院,700,85964,朝阳,健翔桥,81.43㎡,81.43㎡,2室1厅1厨1卫,东南,2017-08-19,https://bj.ke.com/ershoufang/101101969690.html
中国铁建国际城,660,86084,朝阳,北苑,76.67㎡,59.21㎡,2室1厅1厨1卫,南,2017-05-18,https://bj.ke.com/ershoufang/101101597576.html
中国铁建花语城,780,86841,朝阳,北苑,89.82㎡,67.44㎡,2室1厅1厨1卫,南 北,2018-03-10,https://bj.ke.com/ershoufang/101102637313.html
华贸城,660,74342,朝阳,北苑,88.78㎡,70.67㎡,2室1厅1厨1卫,东 南 北,2018-03-06,https://bj.ke.com/ershoufang/101102615038.html
华贸城,690,80505,朝阳,北苑,85.71㎡,67.25㎡,2室1厅1厨1卫,南,2018-05-12,https://bj.ke.com/ershoufang/101102865474.html
山水蓝维,790,82095,朝阳,北苑,96.23㎡,暂无数据,2室1厅1厨1卫,南 北,2018-05-06,https://bj.ke.com/ershoufang/101102844832.html
拂林园,800,59894,朝阳,北苑,133.57㎡,113.4㎡,2室1厅1厨1卫,东 南 北,2018-04-25,https://bj.ke.com/ershoufang/101102804431.html
润泽公馆,718,80920,朝阳,北苑,88.73㎡,70.93㎡,2室1厅1厨1卫,南,2018-05-01,https://bj.ke.com/ershoufang/101102824873.html
润泽悦溪,730,81784,朝阳,北苑,89.26㎡,71.78㎡,2室2厅1厨1卫,南 北,2018-06-05,https://bj.ke.com/ershoufang/101102946330.html
东恒时代三期,650,72215,朝阳,十里堡,90.01㎡,70.78㎡,2室2厅1厨1卫,西北,2018-06-10,https://bj.ke.com/ershoufang/101102964189.html
爱这城一期,780,81250,朝阳,十里堡,96㎡,75.56㎡,2室2厅1厨1卫,南,2018-03-30,https://bj.ke.com/ershoufang/101102713868.html
爱这城二期,750,70655,朝阳,十里堡,106.15㎡,88.2㎡,2室1厅1厨1卫,西北,2018-07-06,https://bj.ke.com/ershoufang/101103057645.html
都会华庭,690,56903,朝阳,十里堡,121.26㎡,98.04㎡,2室1厅1厨2卫,西南,2018-03-12,https://bj.ke.com/ershoufang/101102646102.html
都会华庭,685,56880,朝阳,十里堡,120.43㎡,97.37㎡,2室1厅1厨2卫,东南,2018-03-19,https://bj.ke.com/ershoufang/101102674087.html
都会华庭,657,63107,朝阳,十里堡,104.11㎡,82.2㎡,2室1厅1厨1卫,西,2018-04-22,https://bj.ke.com/ershoufang/101102794926.html
华源冠军城,838,80469,朝阳,南沙滩,104.14㎡,82.81㎡,2室1厅1厨1卫,南,2018-02-09,https://bj.ke.com/ershoufang/101102554374.html
和平街十三区,658,88871,朝阳,和平里,74.04㎡,49.92㎡,2室1厅1厨1卫,西,2018-06-15,https://bj.ke.com/ershoufang/101102983059.html
和平西苑,750,78774,朝阳,和平里,95.21㎡,75.49㎡,2室1厅1厨1卫,东 西,2018-03-06,https://bj.ke.com/ershoufang/101102615183.html
万科星园,800,74129,朝阳,奥林匹克公园,107.92㎡,88.7㎡,2室1厅1厨1卫,东南,2018-01-01,https://bj.ke.com/ershoufang/101102450643.html
万科星园,815,84134,朝阳,奥林匹克公园,96.87㎡,81.18㎡,2室1厅1厨1卫,东南,2018-05-25,https://bj.ke.com/ershoufang/101102909415.html
万科星园,798,82379,朝阳,奥林匹克公园,96.87㎡,81.18㎡,2室1厅1厨1卫,东南,2018-06-17,https://bj.ke.com/ershoufang/101102987926.html
天居园,710,65481,朝阳,奥林匹克公园,108.43㎡,87㎡,2室2厅1厨2卫,南 西北,2018-06-27,https://bj.ke.com/ershoufang/101103025105.html
林奥嘉园,850,71634,朝阳,奥林匹克公园,118.66㎡,95.61㎡,2室1厅1厨2卫,南,2017-09-23,https://bj.ke.com/ershoufang/101102117587.html
澳林春天五期,825,73484,朝阳,奥林匹克公园,112.27㎡,89.91㎡,2室1厅1厨2卫,东北,2018-06-15,https://bj.ke.com/ershoufang/101102982120.html
裕瑞轩,699,68136,朝阳,奥林匹克公园,102.59㎡,85.24㎡,2室1厅1厨1卫,东,2017-11-02,https://bj.ke.com/ershoufang/101102260087.html
千鹤家园,770,73968,朝阳,惠新西街,104.1㎡,88.3㎡,2室1厅1厨1卫,西南,2018-05-07,https://bj.ke.com/ershoufang/101102848857.html
千鹤家园,850,80219,朝阳,惠新西街,105.96㎡,89.29㎡,2室1厅1厨1卫,南,2018-05-28,https://bj.ke.com/ershoufang/101102918338.html
惠中园,760,75495,朝阳,惠新西街,100.67㎡,暂无数据,2室1厅1厨1卫,西,2018-06-12,https://bj.ke.com/ershoufang/101102973276.html
惠新苑,820,70429,朝阳,惠新西街,116.43㎡,92.24㎡,2室2厅1厨1卫,东南,2018-02-24,https://bj.ke.com/ershoufang/101102569714.html
惠新苑,815,77200,朝阳,惠新西街,105.57㎡,暂无数据,2室1厅1厨1卫,东南,2018-07-03,https://bj.ke.com/ershoufang/101103045155.html
胜古家园,660,89383,朝阳,惠新西街,73.84㎡,50.32㎡,2室1厅1厨1卫,东南,2017-07-21,https://bj.ke.com/ershoufang/101101841236.html
北京香颂,800,77799,朝阳,望京,102.83㎡,79.14㎡,2室1厅1厨1卫,南 东北,2017-12-10,https://bj.ke.com/ershoufang/101102386025.html
北京香颂,840,78249,朝阳,望京,107.35㎡,82.62㎡,2室2厅1厨2卫,西南,2018-06-02,https://bj.ke.com/ershoufang/101102935701.html
北纬40度一期,730,81848,朝阳,望京,89.19㎡,64.15㎡,2室1厅1厨2卫,南,2018-04-07,https://bj.ke.com/ershoufang/101102743099.html
北纬40度一期,728,77242,朝阳,望京,94.25㎡,暂无数据,2室2厅1厨1卫,南 北,2018-06-17,https://bj.ke.com/ershoufang/101102987574.html
北纬40度二期,837,84923,朝阳,望京,98.56㎡,72.75㎡,2室1厅1厨1卫,南 北,2017-10-08,https://bj.ke.com/ershoufang/101102164686.html
嘉润花园,668,58464,朝阳,望京,114.26㎡,89.29㎡,2室2厅1厨2卫,西南,2018-03-20,https://bj.ke.com/ershoufang/101102675036.html
圣馨大地,850,69656,朝阳,望京,122.03㎡,96.15㎡,2室1厅1厨2卫,西,2018-05-05,https://bj.ke.com/ershoufang/101102837310.html
圣馨大地,780,74180,朝阳,望京,105.15㎡,83.86㎡,2室1厅1厨1卫,西南,2018-05-18,https://bj.ke.com/ershoufang/101102885429.html
夏都盈座,730,74187,朝阳,望京,98.4㎡,84.47㎡,2室2厅1厨1卫,西南,2018-06-20,https://bj.ke.com/ershoufang/101102997530.html
大西洋新城E区,850,103722,朝阳,望京,81.95㎡,65.83㎡,2室2厅1厨1卫,西南,2018-07-03,https://bj.ke.com/ershoufang/101103046913.html
宝星园一区,850,78154,朝阳,望京,108.76㎡,82.97㎡,2室2厅1厨1卫,西南,2018-05-27,https://bj.ke.com/ershoufang/101102913781.html
宝星园一区,840,77649,朝阳,望京,108.18㎡,82.97㎡,2室2厅1厨1卫,南,2018-06-18,https://bj.ke.com/ershoufang/101102991567.html
宝星国际二期,699,80364,朝阳,望京,86.98㎡,66.82㎡,2室1厅1厨1卫,南 北,2017-10-31,https://bj.ke.com/ershoufang/101102254908.html
慧谷时空,730,65419,朝阳,望京,111.59㎡,94.35㎡,2室2厅1厨2卫,东,2018-03-25,https://bj.ke.com/ershoufang/101102695563.html
慧谷阳光,840,83583,朝阳,望京,100.5㎡,81.82㎡,2室1厅1厨2卫,南,2017-05-14,https://bj.ke.com/ershoufang/101101582090.html
慧谷阳光,735,87438,朝阳,望京,84.06㎡,71.34㎡,2室1厅1厨2卫,南,2017-10-08,https://bj.ke.com/ershoufang/101102167260.html
望京新城,700,56805,朝阳,望京,123.23㎡,99.18㎡,2室2厅1厨2卫,西北,2018-02-08,https://bj.ke.com/ershoufang/101102552162.html
望京明苑,698,61580,朝阳,望京,113.35㎡,92.68㎡,2室1厅1厨1卫,东南,2018-06-17,https://bj.ke.com/ershoufang/101102986979.html
望京西园三区,727,70920,朝阳,望京,102.51㎡,82.11㎡,2室1厅1厨1卫,东南,2018-05-02,https://bj.ke.com/ershoufang/101102827325.html
望京西园三区,755,73652,朝阳,望京,102.51㎡,82.11㎡,2室1厅1厨2卫,南,2018-06-17,https://bj.ke.com/ershoufang/101102987793.html
望兴居,765,68740,朝阳,望京,111.29㎡,100.77㎡,2室2厅1厨1卫,南 北,2017-08-24,https://bj.ke.com/ershoufang/101101991771.html
望兴居,780,71890,朝阳,望京,108.5㎡,98.07㎡,2室2厅1厨1卫,西南 东北,2018-06-16,https://bj.ke.com/ershoufang/101102984971.html
望兴居,730,66310,朝阳,望京,110.09㎡,98.44㎡,2室2厅1厨1卫,南 北,2018-07-04,https://bj.ke.com/ershoufang/101103050935.html
望馨花园,800,75501,朝阳,望京,105.96㎡,89.14㎡,2室1厅1厨1卫,东南,2018-03-15,https://bj.ke.com/ershoufang/101102656638.html
望馨花园,693,71245,朝阳,望京,97.27㎡,81.83㎡,2室1厅1厨1卫,东南,2018-04-23,https://bj.ke.com/ershoufang/101102799706.html
朝庭公寓,780,69532,朝阳,望京,112.18㎡,91.36㎡,2室2厅1厨2卫,西南,2018-03-25,https://bj.ke.com/ershoufang/101102695464.html
澳洲康都,700,84440,朝阳,望京,82.9㎡,65.8㎡,2室1厅1厨1卫,西南,2018-06-20,https://bj.ke.com/ershoufang/101102997041.html
澳洲康都,730,82739,朝阳,望京,88.23㎡,70.96㎡,2室1厅1厨1卫,西北,2018-06-27,https://bj.ke.com/ershoufang/101103021849.html
澳洲康都,765,80927,朝阳,望京,94.53㎡,76.46㎡,2室1厅1厨1卫,西北,2018-06-27,https://bj.ke.com/ershoufang/101103021946.html
澳洲康都,725,87245,朝阳,望京,83.1㎡,66.67㎡,2室1厅1厨1卫,东南,2018-06-27,https://bj.ke.com/ershoufang/101103023658.html
炫彩嘉轩,698,78808,朝阳,望京,88.57㎡,67.06㎡,2室1厅1厨1卫,东,2018-06-05,https://bj.ke.com/ershoufang/101102948899.html
绿荫芳邻,750,76430,朝阳,望京,98.13㎡,82.56㎡,2室1厅1厨1卫,南,2018-05-27,https://bj.ke.com/ershoufang/101102914298.html
都市心海岸,795,60981,朝阳,望京,130.37㎡,99.62㎡,2室2厅1厨2卫,南 北,2018-02-07,https://bj.ke.com/ershoufang/101102550141.html
银领国际,780,71045,朝阳,望京,109.79㎡,89.4㎡,2室1厅1厨2卫,西南,2018-06-12,https://bj.ke.com/ershoufang/101102971276.html
首开知语城,740,82287,朝阳,望京,89.93㎡,74.5㎡,2室1厅1厨1卫,东 南 北,2018-06-24,https://bj.ke.com/ershoufang/101103012382.html
东润枫景三期,760,65523,朝阳,朝阳公园,115.99㎡,95.04㎡,2室2厅1厨2卫,西南,2018-04-23,https://bj.ke.com/ershoufang/101102798605.html
东润枫景二期,830,66566,朝阳,朝阳公园,124.69㎡,98.16㎡,2室1厅1厨2卫,南 北,2018-05-22,https://bj.ke.com/ershoufang/101102897565.html
丽水嘉园,848,79895,朝阳,朝阳公园,106.14㎡,88.63㎡,2室2厅1厨1卫,西南,2018-05-30,https://bj.ke.com/ershoufang/101102925186.html
瞰都国际,750,123988,朝阳,朝阳公园,60.49㎡,46.28㎡,2室1厅1厨2卫,东南,2018-05-02,https://bj.ke.com/ershoufang/101102826913.html
瞰都国际,675,78280,朝阳,朝阳公园,86.23㎡,66.06㎡,2室1厅1厨1卫,西北,2018-06-20,https://bj.ke.com/ershoufang/101102997573.html
华纺易城,790,83466,朝阳,朝青,94.65㎡,72.83㎡,2室1厅1厨1卫,南 北,2018-04-14,https://bj.ke.com/ershoufang/101102771119.html
国美第一城3号院,650,67094,朝阳,朝青,96.88㎡,73.38㎡,2室1厅1厨1卫,南 北,2017-08-21,https://bj.ke.com/ershoufang/101101977290.html
国美第一城3号院,650,66887,朝阳,朝青,97.18㎡,74.13㎡,2室1厅1厨1卫,南 北,2018-05-03,https://bj.ke.com/ershoufang/101102832830.html
国美第一城3号院,650,68566,朝阳,朝青,94.8㎡,74.31㎡,2室2厅1厨1卫,南 北,2018-06-22,https://bj.ke.com/ershoufang/101103003767.html
国美第一城3号院,690,64014,朝阳,朝青,107.79㎡,80.82㎡,2室1厅1厨1卫,东南,2018-06-29,https://bj.ke.com/ershoufang/101103032706.html
润枫水尚,835,79745,朝阳,朝青,104.71㎡,84.28㎡,2室1厅1厨2卫,南 北,2018-02-09,https://bj.ke.com/ershoufang/101102554571.html
珠江罗马嘉园西区,780,71890,朝阳,朝青,108.5㎡,88.57㎡,2室2厅1厨1卫,西,2018-02-25,https://bj.ke.com/ershoufang/101102576650.html
金隅凤麟洲,798,74137,朝阳,朝青,107.64㎡,87.7㎡,2室2厅1厨2卫,南 北,2018-03-31,https://bj.ke.com/ershoufang/101102720366.html
青年汇佳园,690,73218,朝阳,朝青,94.24㎡,73.58㎡,2室1厅1厨1卫,东南,2018-05-25,https://bj.ke.com/ershoufang/101102908894.html
华业玫瑰郡,730,80583,朝阳,石佛营,90.59㎡,71.44㎡,2室2厅1厨1卫,东 西,2018-01-19,https://bj.ke.com/ershoufang/101102501830.html
华业玫瑰郡,840,79803,朝阳,石佛营,105.26㎡,83.01㎡,2室1厅1厨2卫,南 北,2018-03-31,https://bj.ke.com/ershoufang/101102717331.html
华业玫瑰郡,820,77903,朝阳,石佛营,105.26㎡,83.01㎡,2室2厅1厨2卫,南 北,2018-04-27,https://bj.ke.com/ershoufang/101102811255.html
芍药居北里,725,72118,朝阳,芍药居,100.53㎡,82.1㎡,2室1厅1厨1卫,南 北,2018-06-01,https://bj.ke.com/ershoufang/101102934439.html
芍药居北里,750,87139,朝阳,芍药居,86.07㎡,70.29㎡,2室1厅1厨1卫,东南,2018-07-01,https://bj.ke.com/ershoufang/101103037986.html
万寿路西街11号院,770,108742,海淀,万寿路,70.81㎡,暂无数据,2室1厅1厨1卫,东 西,2018-06-18,https://bj.ke.com/ershoufang/101102991502.html
万寿路西街9号,760,110369,海淀,万寿路,68.86㎡,暂无数据,2室1厅1厨1卫,南 北,2018-06-06,https://bj.ke.com/ershoufang/101102949685.html
尚品公寓,700,73654,海淀,上地,95.04㎡,67.19㎡,2室1厅1厨1卫,西北,2017-02-24,https://bj.ke.com/ershoufang/101101230189.html
当代城市家园,800,87375,海淀,上地,91.56㎡,75.28㎡,2室1厅1厨1卫,南 北,2018-05-05,https://bj.ke.com/ershoufang/101102841112.html
当代城市家园,850,74081,海淀,上地,114.74㎡,98.25㎡,2室2厅1厨2卫,南 北,2018-07-02,https://bj.ke.com/ershoufang/101103044141.html
怡美家园,650,73133,海淀,上地,88.88㎡,88.88㎡,2室1厅1厨1卫,南 北,2018-03-26,https://bj.ke.com/ershoufang/101102701182.html
怡美家园,665,70783,海淀,上地,93.95㎡,暂无数据,2室1厅1厨1卫,南 北,2018-04-09,https://bj.ke.com/ershoufang/101102752131.html
怡美家园,750,67049,海淀,上地,111.86㎡,100.67㎡,2室2厅1厨2卫,南 北,2018-05-30,https://bj.ke.com/ershoufang/101102923753.html
怡美家园,665,68607,海淀,上地,96.93㎡,88.2㎡,2室1厅1厨1卫,南 东北,2018-06-09,https://bj.ke.com/ershoufang/101102960522.html
怡美家园,730,71499,海淀,上地,102.1㎡,暂无数据,2室1厅1厨2卫,南 北,2018-06-13,https://bj.ke.com/ershoufang/101102973981.html
怡美家园,765,76900,海淀,上地,99.48㎡,暂无数据,2室1厅1厨1卫,南 北,2018-06-28,https://bj.ke.com/ershoufang/101103025463.html
怡美家园,650,74533,海淀,上地,87.21㎡,暂无数据,2室1厅1厨1卫,南 北,2018-07-07,https://bj.ke.com/ershoufang/101103063052.html
怡美家园,670,76818,海淀,上地,87.22㎡,暂无数据,2室1厅1厨1卫,南 北,2018-07-08,https://bj.ke.com/ershoufang/101103067678.html
晨月园,850,95431,海淀,世纪城,89.07㎡,75.66㎡,2室1厅1厨1卫,西南,2017-02-28,https://bj.ke.com/ershoufang/101101251819.html
晨月园,720,87859,海淀,世纪城,81.95㎡,68.03㎡,2室1厅1厨1卫,西南,2017-06-11,https://bj.ke.com/ershoufang/101101687990.html
晨月园,660,80646,海淀,世纪城,81.84㎡,67.87㎡,2室1厅1厨1卫,西南,2017-11-08,https://bj.ke.com/ershoufang/101102284702.html
晨月园,760,85193,海淀,世纪城,89.21㎡,75.66㎡,2室1厅1厨1卫,东南,2018-03-11,https://bj.ke.com/ershoufang/101102641341.html
晨月园,850,102658,海淀,世纪城,82.8㎡,70.23㎡,2室1厅1厨1卫,东南,2018-03-23,https://bj.ke.com/ershoufang/101102688091.html
晨月园,750,84204,海淀,世纪城,89.07㎡,75.54㎡,2室1厅1厨1卫,西南,2018-03-30,https://bj.ke.com/ershoufang/101102716387.html
晨月园,850,103722,海淀,世纪城,81.95㎡,68.03㎡,2室1厅1厨1卫,西南,2018-04-13,https://bj.ke.com/ershoufang/101102766531.html
晨月园,840,93771,海淀,世纪城,89.58㎡,75.97㎡,2室1厅1厨1卫,西南,2018-04-18,https://bj.ke.com/ershoufang/101102781645.html
晨月园,750,96464,海淀,世纪城,77.75㎡,64.48㎡,2室1厅1厨1卫,南 北,2018-05-06,https://bj.ke.com/ershoufang/101102844879.html
晨月园,850,95281,海淀,世纪城,89.21㎡,75.66㎡,2室1厅1厨1卫,东南,2018-06-08,https://bj.ke.com/ershoufang/101102959377.html
晨月园,798,96366,海淀,世纪城,82.81㎡,70.23㎡,2室1厅1厨1卫,东南,2018-06-25,https://bj.ke.com/ershoufang/101103017465.html
烟树园,830,90731,海淀,世纪城,91.48㎡,暂无数据,2室1厅1厨1卫,南,2017-11-12,https://bj.ke.com/ershoufang/101102296529.html
烟树园,820,99745,海淀,世纪城,82.21㎡,暂无数据,2室1厅1厨1卫,东,2018-05-03,https://bj.ke.com/ershoufang/101102833481.html
远大园六区,795,114918,海淀,世纪城,69.18㎡,60㎡,2室1厅1厨1卫,南 北,2017-10-20,https://bj.ke.com/ershoufang/101102215466.html
远大园六区,699,100721,海淀,世纪城,69.4㎡,暂无数据,2室1厅1厨1卫,东 西,2017-12-24,https://bj.ke.com/ershoufang/101102428804.html
远大园六区,730,108810,海淀,世纪城,67.09㎡,暂无数据,2室1厅1厨1卫,东 西,2018-04-30,https://bj.ke.com/ershoufang/101102821600.html
远大园六区,780,110015,海淀,世纪城,70.9㎡,暂无数据,2室1厅1厨1卫,南 北,2018-06-25,https://bj.ke.com/ershoufang/101103017983.html
远大园四区,820,97946,海淀,世纪城,83.72㎡,66.69㎡,2室1厅1厨1卫,东,2018-01-26,https://bj.ke.com/ershoufang/101102520671.html
远大园四区,800,93666,海淀,世纪城,85.41㎡,暂无数据,2室1厅1厨1卫,东 南,2018-05-30,https://bj.ke.com/ershoufang/101102925705.html
金夕园,780,91101,海淀,世纪城,85.62㎡,65㎡,2室1厅1厨1卫,东南,2017-07-12,https://bj.ke.com/ershoufang/101101805171.html
金夕园,780,85894,海淀,世纪城,90.81㎡,暂无数据,2室1厅1厨1卫,西,2017-09-20,https://bj.ke.com/ershoufang/101102103823.html
金夕园,800,88673,海淀,世纪城,90.22㎡,90.22㎡,2室1厅1厨1卫,东 南,2018-02-07,https://bj.ke.com/ershoufang/101102551539.html
金夕园,820,90889,海淀,世纪城,90.22㎡,暂无数据,2室2厅1厨1卫,东北,2018-02-26,https://bj.ke.com/ershoufang/101102580528.html
金夕园,795,88148,海淀,世纪城,90.19㎡,暂无数据,2室1厅1厨1卫,东,2018-04-20,https://bj.ke.com/ershoufang/101102791597.html
金夕园,750,87454,海淀,世纪城,85.76㎡,暂无数据,2室1厅1厨1卫,东南,2018-06-08,https://bj.ke.com/ershoufang/101102958237.html
金夕园,730,85261,海淀,世纪城,85.62㎡,暂无数据,2室2厅1厨1卫,西,2018-06-18,https://bj.ke.com/ershoufang/101102990795.html
金夕园,780,86485,海淀,世纪城,90.19㎡,暂无数据,2室1厅1厨1卫,西南,2018-06-21,https://bj.ke.com/ershoufang/101103000151.html
中关村,721,119848,海淀,中关村,60.16㎡,45㎡,2室1厅1厨1卫,南 北,2017-06-16,https://bj.ke.com/ershoufang/101101703179.html
中关村,699,116191,海淀,中关村,60.16㎡,暂无数据,2室1厅1厨1卫,东 西,2018-07-09,https://bj.ke.com/ershoufang/101103068398.html
荣上居,660,93697,海淀,中关村,70.44㎡,50.76㎡,2室2厅1厨1卫,西南,2017-02-01,https://bj.ke.com/ershoufang/101101097559.html
健翔园,730,84795,海淀,二里庄,86.09㎡,暂无数据,2室1厅1厨1卫,西北,2017-09-23,https://bj.ke.com/ershoufang/101102115108.html
健翔园,690,84570,海淀,二里庄,81.59㎡,暂无数据,2室1厅1厨1卫,西南,2018-01-21,https://bj.ke.com/ershoufang/101102508661.html
健翔园,730,84550,海淀,二里庄,86.34㎡,暂无数据,2室1厅1厨1卫,西北,2018-05-01,https://bj.ke.com/ershoufang/101102824558.html
健翔园,715,74002,海淀,二里庄,96.62㎡,68.96㎡,2室1厅1厨1卫,东北,2018-05-22,https://bj.ke.com/ershoufang/101102895504.html
健翔园,700,81311,海淀,二里庄,86.09㎡,暂无数据,2室1厅1厨1卫,东南 北,2018-05-26,https://bj.ke.com/ershoufang/101102912314.html
健翔园,650,78389,海淀,二里庄,82.92㎡,暂无数据,2室1厅1厨1卫,东,2018-06-18,https://bj.ke.com/ershoufang/101102990693.html
志新西路七号院,730,84687,海淀,二里庄,86.2㎡,59.46㎡,2室1厅1厨1卫,南 北,2018-04-01,https://bj.ke.com/ershoufang/101102724681.html
今日家园,655,64948,海淀,五棵松,100.85㎡,暂无数据,2室2厅1厨1卫,西,2018-06-03,https://bj.ke.com/ershoufang/101102940419.html
嘉德公寓,665,57993,海淀,五棵松,114.67㎡,85.98㎡,2室1厅1厨1卫,东北,2018-05-26,https://bj.ke.com/ershoufang/101102912009.html
永定华庭,830,96456,海淀,五棵松,86.05㎡,64.74㎡,2室1厅1厨1卫,东 西,2018-06-27,https://bj.ke.com/ershoufang/101103021915.html
永金里小区,720,72195,海淀,五棵松,99.73㎡,79.55㎡,2室2厅1厨1卫,东,2018-03-27,https://bj.ke.com/ershoufang/101102703667.html
永金里小区,680,66097,海淀,五棵松,102.88㎡,82.07㎡,2室1厅1厨1卫,东,2018-03-28,https://bj.ke.com/ershoufang/101102706376.html
永金里小区,820,71224,海淀,五棵松,115.13㎡,94.94㎡,2室1厅1厨2卫,北,2018-05-11,https://bj.ke.com/ershoufang/101102861382.html
泽丰苑一期,698,72944,海淀,五棵松,95.69㎡,85.94㎡,2室1厅1厨1卫,南 北,2017-04-20,https://bj.ke.com/ershoufang/101101497100.html
泽丰苑一期,726,78871,海淀,五棵松,92.05㎡,83.09㎡,2室1厅1厨1卫,东北,2018-03-31,https://bj.ke.com/ershoufang/101102720003.html
华清嘉园,800,107600,海淀,五道口,74.35㎡,暂无数据,2室1厅1厨1卫,东 南,2018-01-26,https://bj.ke.com/ershoufang/101102521298.html
华清嘉园,835,114337,海淀,五道口,73.03㎡,暂无数据,2室1厅1厨1卫,西南,2018-02-26,https://bj.ke.com/ershoufang/101102578813.html
华清嘉园,830,111635,海淀,五道口,74.35㎡,暂无数据,2室1厅1厨1卫,西南,2018-06-23,https://bj.ke.com/ershoufang/101103009123.html
成府公馆,800,117371,海淀,五道口,68.16㎡,57.12㎡,2室1厅1厨1卫,南 北,2018-01-31,https://bj.ke.com/ershoufang/101102533493.html
成府公馆,800,91210,海淀,五道口,87.71㎡,75.47㎡,2室2厅1厨1卫,南 北,2018-07-07,https://bj.ke.com/ershoufang/101103059653.html
暂安处,730,87931,海淀,五道口,83.02㎡,暂无数据,2室1厅1厨1卫,南 北,2018-04-28,https://bj.ke.com/ershoufang/101102815432.html
暂安处,690,82744,海淀,五道口,83.39㎡,暂无数据,2室1厅1厨1卫,南 北,2018-06-14,https://bj.ke.com/ershoufang/101102977133.html
华尔街观典,690,74547,海淀,六里桥,92.56㎡,71.85㎡,2室1厅1厨1卫,南 北,2018-02-01,https://bj.ke.com/ershoufang/101102536541.html
橙色年代,660,69205,海淀,六里桥,95.37㎡,73.29㎡,2室1厅1厨1卫,南 西,2018-02-02,https://bj.ke.com/ershoufang/101102537985.html
橙色年代,660,68865,海淀,六里桥,95.84㎡,73.65㎡,2室1厅1厨1卫,东,2018-04-08,https://bj.ke.com/ershoufang/101102749383.html
橙色年代,728,81835,海淀,六里桥,88.96㎡,69.84㎡,2室1厅1厨1卫,西北,2018-04-14,https://bj.ke.com/ershoufang/101102770192.html
橙色年代,650,67822,海淀,六里桥,95.84㎡,73.65㎡,2室1厅1厨1卫,西,2018-04-25,https://bj.ke.com/ershoufang/101102806387.html
橙色年代,650,68213,海淀,六里桥,95.29㎡,73.97㎡,2室1厅1厨1卫,西,2018-04-30,https://bj.ke.com/ershoufang/101102822605.html
海淀九号,765,84699,海淀,六里桥,90.32㎡,71.3㎡,2室1厅1厨1卫,南,2017-03-05,https://bj.ke.com/ershoufang/101101281443.html
澐澐国际,660,63134,海淀,六里桥,104.54㎡,82.22㎡,2室1厅1厨2卫,东北,2017-11-25,https://bj.ke.com/ershoufang/101102339775.html
澐澐国际,800,61563,海淀,六里桥,129.95㎡,102.2㎡,2室1厅1厨2卫,东,2017-12-16,https://bj.ke.com/ershoufang/101102405648.html
澐澐国际,650,62178,海淀,六里桥,104.54㎡,82.22㎡,2室1厅1厨2卫,东 北,2018-03-24,https://bj.ke.com/ershoufang/101102692161.html
澐澐国际,670,60541,海淀,六里桥,110.67㎡,87.04㎡,2室1厅1厨1卫,西,2018-04-22,https://bj.ke.com/ershoufang/101102797225.html
澐澐国际,790,61246,海淀,六里桥,128.99㎡,101.45㎡,2室2厅1厨2卫,西,2018-06-10,https://bj.ke.com/ershoufang/101102965619.html
莲花小区,810,61276,海淀,六里桥,132.19㎡,107.07㎡,2室2厅1厨2卫,东南,2017-03-17,https://bj.ke.com/ershoufang/101101347157.html
莲花小区,810,61276,海淀,六里桥,132.19㎡,107.07㎡,2室1厅1厨2卫,西南,2017-12-06,https://bj.ke.com/ershoufang/101102373327.html
莲花小区,750,66947,海淀,六里桥,112.03㎡,87.9㎡,2室1厅1厨1卫,东南,2018-03-02,https://bj.ke.com/ershoufang/101102596255.html
中雅大厦,729,47993,海淀,军博,151.9㎡,121.76㎡,2室1厅1厨1卫,西北,2018-05-16,https://bj.ke.com/ershoufang/101102877405.html
海天中心,818,78905,海淀,军博,103.67㎡,87.62㎡,2室1厅1厨1卫,西北,2018-05-25,https://bj.ke.com/ershoufang/101102907471.html
北影小区,775,88887,海淀,北太平庄,87.19㎡,暂无数据,2室1厅1厨1卫,西南,2017-07-29,https://bj.ke.com/ershoufang/101101876886.html
北影小区,755,96130,海淀,北太平庄,78.54㎡,暂无数据,2室1厅1厨1卫,南,2018-05-03,https://bj.ke.com/ershoufang/101102831795.html
北影小区,820,94503,海淀,北太平庄,86.77㎡,57.87㎡,2室1厅1厨1卫,西北,2018-06-05,https://bj.ke.com/ershoufang/101102947021.html
北影小区,750,89159,海淀,北太平庄,84.12㎡,暂无数据,2室1厅1厨1卫,东,2018-07-01,https://bj.ke.com/ershoufang/101103040276.html
中关村东路111号院,780,104572,海淀,双榆树,74.59㎡,暂无数据,2室1厅1厨1卫,南 北,2018-06-21,https://bj.ke.com/ershoufang/101103000333.html
满庭芳园,850,92947,海淀,双榆树,91.45㎡,60.14㎡,2室1厅1厨1卫,西,2018-01-27,https://bj.ke.com/ershoufang/101102523772.html
农林科学院宿舍,798,98313,海淀,四季青,81.17㎡,68㎡,2室1厅1厨1卫,南 北,2018-01-02,https://bj.ke.com/ershoufang/101102453394.html
曙光花园,850,81559,海淀,四季青,104.22㎡,87.86㎡,2室1厅1厨1卫,东南,2017-12-04,https://bj.ke.com/ershoufang/101102369383.html
望塔园,680,88370,海淀,四季青,76.95㎡,暂无数据,2室1厅1厨1卫,东南,2018-05-26,https://bj.ke.com/ershoufang/101102913086.html
望塔园,680,83416,海淀,四季青,81.52㎡,暂无数据,2室1厅1厨1卫,东南,2018-06-19,https://bj.ke.com/ershoufang/101102995038.html
望河园,740,93778,海淀,四季青,78.91㎡,65.03㎡,2室1厅1厨1卫,东南,2018-06-14,https://bj.ke.com/ershoufang/101102979515.html
水云居,850,89891,海淀,四季青,94.56㎡,79.49㎡,2室2厅1厨1卫,东 南 北,2018-02-07,https://bj.ke.com/ershoufang/101102550066.html
水云居,830,88856,海淀,四季青,93.41㎡,78.53㎡,2室1厅1厨1卫,东南,2018-07-02,https://bj.ke.com/ershoufang/101103043125.html
美丽星苑,650,92738,海淀,四季青,70.09㎡,59.36㎡,2室1厅1厨1卫,西北,2017-11-09,https://bj.ke.com/ershoufang/101102286305.html
美丽西园,740,78858,海淀,四季青,93.84㎡,暂无数据,2室1厅1厨2卫,南 北,2017-08-20,https://bj.ke.com/ershoufang/101101975796.html
美丽西园,700,74596,海淀,四季青,93.84㎡,暂无数据,2室1厅1厨2卫,南 北,2018-01-19,https://bj.ke.com/ershoufang/101102502555.html
美丽西园,780,76871,海淀,四季青,101.47㎡,暂无数据,2室2厅1厨2卫,南 北,2018-04-02,https://bj.ke.com/ershoufang/101102728643.html
金雅园,720,79409,海淀,四季青,90.67㎡,74.9㎡,2室1厅1厨1卫,南,2018-03-24,https://bj.ke.com/ershoufang/101102694994.html
金雅园,730,82365,海淀,四季青,88.63㎡,73.21㎡,2室1厅1厨1卫,南 北,2018-04-24,https://bj.ke.com/ershoufang/101102801311.html
金雅园,750,84489,海淀,四季青,88.77㎡,暂无数据,2室1厅1厨1卫,南 北,2018-06-25,https://bj.ke.com/ershoufang/101103015610.html
金雅园,730,82235,海淀,四季青,88.77㎡,暂无数据,2室1厅1厨1卫,南 北,2018-07-05,https://bj.ke.com/ershoufang/101103051485.html
金雅园,720,79409,海淀,四季青,90.67㎡,74.9㎡,2室1厅1厨1卫,南,2018-07-05,https://bj.ke.com/ershoufang/101103051862.html
颐慧佳园,790,95377,海淀,四季青,82.83㎡,69.23㎡,2室1厅1厨1卫,东,2018-03-28,https://bj.ke.com/ershoufang/101102709688.html
颐慧佳园,650,78731,海淀,四季青,82.56㎡,63.48㎡,2室1厅1厨1卫,东 南,2018-06-15,https://bj.ke.com/ershoufang/101102983050.html
颐慧佳园,720,90864,海淀,四季青,79.24㎡,60.93㎡,2室1厅1厨1卫,东,2018-07-08,https://bj.ke.com/ershoufang/101103067478.html
百环地产,750,71212,海淀,圆明园,105.32㎡,86.85㎡,2室1厅1厨1卫,西北,2018-02-07,https://bj.ke.com/ershoufang/101102551846.html
百环地产,750,62699,海淀,圆明园,119.62㎡,98.64㎡,2室2厅1厨2卫,西南,2018-06-14,https://bj.ke.com/ershoufang/101102977602.html
学院路14号院,704,92901,海淀,学院路,75.78㎡,暂无数据,2室1厅1厨1卫,南 北,2018-06-29,https://bj.ke.com/ershoufang/101103031728.html
富润家园,760,85538,海淀,学院路,88.85㎡,暂无数据,2室1厅1厨1卫,东北,2017-11-08,https://bj.ke.com/ershoufang/101102285110.html
富润家园,830,89595,海淀,学院路,92.64㎡,74.9㎡,2室1厅1厨1卫,东,2018-02-23,https://bj.ke.com/ershoufang/101102564968.html
富润家园,775,85845,海淀,学院路,90.28㎡,暂无数据,2室1厅1厨1卫,东南,2018-03-01,https://bj.ke.com/ershoufang/101102592502.html
富润家园,830,85321,海淀,学院路,97.28㎡,80㎡,2室2厅1厨1卫,西南,2018-05-01,https://bj.ke.com/ershoufang/101102826362.html
富润家园,796,82505,海淀,学院路,96.48㎡,78㎡,2室1厅1厨1卫,西南,2018-06-09,https://bj.ke.com/ershoufang/101102960878.html
文成杰座,795,81732,海淀,学院路,97.27㎡,76.61㎡,2室1厅1厨1卫,西,2017-10-13,https://bj.ke.com/ershoufang/101102183735.html
海丰园公寓,850,65516,海淀,学院路,129.74㎡,110㎡,2室1厅1厨1卫,东 西,2017-07-10,https://bj.ke.com/ershoufang/101101799814.html
海丰园公寓,790,60892,海淀,学院路,129.74㎡,1㎡,2室2厅1厨1卫,东 西,2017-10-10,https://bj.ke.com/ershoufang/101102171672.html
海丰园公寓,750,75287,海淀,学院路,99.62㎡,89㎡,2室1厅1厨2卫,东南,2017-11-22,https://bj.ke.com/ershoufang/101102329771.html
清枫华景园,840,77221,海淀,学院路,108.78㎡,87.47㎡,2室1厅1厨1卫,西南,2018-04-24,https://bj.ke.com/ershoufang/101102802447.html
逸成东苑,850,74327,海淀,学院路,114.36㎡,93.01㎡,2室1厅1厨1卫,东 北,2017-07-29,https://bj.ke.com/ershoufang/101101880613.html
逸成东苑,650,85979,海淀,学院路,75.6㎡,暂无数据,2室1厅1厨1卫,南 北,2017-11-02,https://bj.ke.com/ershoufang/101102259948.html
逸成东苑,655,83707,海淀,学院路,78.25㎡,暂无数据,2室1厅1厨1卫,西,2018-05-15,https://bj.ke.com/ershoufang/101102874615.html
逸成东苑,650,85448,海淀,学院路,76.07㎡,暂无数据,2室1厅1厨1卫,南 东北,2018-06-15,https://bj.ke.com/ershoufang/101102980998.html
逸成东苑,710,93916,海淀,学院路,75.6㎡,暂无数据,2室1厅1厨1卫,南 北,2018-07-05,https://bj.ke.com/ershoufang/101103054801.html
静淑东里,800,88663,海淀,学院路,90.23㎡,暂无数据,2室1厅1厨1卫,南 西 北,2018-04-24,https://bj.ke.com/ershoufang/101102803708.html
上林溪,820,74962,海淀,安宁庄,109.39㎡,91.4㎡,2室2厅1厨2卫,南 北,2018-01-18,https://bj.ke.com/ershoufang/101102498243.html
上林溪,820,75065,海淀,安宁庄,109.24㎡,91.39㎡,2室2厅1厨2卫,南 北,2018-03-19,https://bj.ke.com/ershoufang/101102674197.html
上林溪,690,74418,海淀,安宁庄,92.72㎡,75.29㎡,2室1厅1厨1卫,西,2018-04-15,https://bj.ke.com/ershoufang/101102771532.html
上林溪,810,74676,海淀,安宁庄,108.47㎡,91.18㎡,2室2厅1厨2卫,南 北,2018-05-01,https://bj.ke.com/ershoufang/101102823901.html
上林溪,710,76575,海淀,安宁庄,92.72㎡,75.29㎡,2室1厅1厨1卫,西,2018-06-02,https://bj.ke.com/ershoufang/101102938461.html
清上园,720,72145,海淀,安宁庄,99.8㎡,85㎡,2室2厅1厨1卫,南 北,2018-05-22,https://bj.ke.com/ershoufang/101102896326.html
清上园,790,64333,海淀,安宁庄,122.8㎡,100.7㎡,2室2厅1厨2卫,南,2018-06-19,https://bj.ke.com/ershoufang/101102995675.html
清上园,695,62388,海淀,安宁庄,111.4㎡,88.56㎡,2室2厅1厨1卫,南,2018-06-27,https://bj.ke.com/ershoufang/101103024486.html
北京印象,800,79849,海淀,定慧寺,100.19㎡,80.34㎡,2室1厅1厨1卫,北,2017-05-08,https://bj.ke.com/ershoufang/101101560333.html
北京印象,830,79396,海淀,定慧寺,104.54㎡,81.43㎡,2室1厅1厨1卫,西,2017-12-22,https://bj.ke.com/ershoufang/101102424559.html
北京印象,695,75676,海淀,定慧寺,91.84㎡,73.22㎡,2室1厅1厨1卫,北,2018-03-05,https://bj.ke.com/ershoufang/101102612679.html
定慧福里,650,71895,海淀,定慧寺,90.41㎡,69.21㎡,2室1厅1厨1卫,南 北,2017-07-23,https://bj.ke.com/ershoufang/101101850175.html
定慧福里,660,74174,海淀,定慧寺,88.98㎡,68.12㎡,2室1厅1厨1卫,东 南 西,2017-11-02,https://bj.ke.com/ershoufang/101102261149.html
定慧福里,810,77661,海淀,定慧寺,104.3㎡,84.99㎡,2室1厅1厨1卫,东,2017-12-13,https://bj.ke.com/ershoufang/101102394558.html
定慧福里,785,88801,海淀,定慧寺,88.4㎡,72.04㎡,2室1厅1厨1卫,南,2018-04-23,https://bj.ke.com/ershoufang/101102798739.html
定慧福里,775,82089,海淀,定慧寺,94.41㎡,74.67㎡,2室1厅1厨1卫,南 北,2018-04-23,https://bj.ke.com/ershoufang/101102799974.html
定慧福里,730,86998,海淀,定慧寺,83.91㎡,68.38㎡,2室1厅1厨1卫,东 西,2018-06-21,https://bj.ke.com/ershoufang/101103000623.html
阜成路甲52号院,650,70347,海淀,定慧寺,92.4㎡,暂无数据,2室2厅1厨1卫,东 西,2017-05-28,https://bj.ke.com/ershoufang/101101632204.html
今典花园,815,98430,海淀,小西天,82.8㎡,63.82㎡,2室1厅1厨1卫,南,2017-10-22,https://bj.ke.com/ershoufang/101102222197.html
今典花园,675,99631,海淀,小西天,67.75㎡,50㎡,2室1厅1厨1卫,西,2017-11-08,https://bj.ke.com/ershoufang/101102282467.html
今典花园,710,97501,海淀,小西天,72.82㎡,60㎡,2室1厅1厨1卫,东 北,2017-11-26,https://bj.ke.com/ershoufang/101102343090.html
今典花园,660,96520,海淀,小西天,68.38㎡,55.73㎡,2室1厅1厨1卫,南,2018-01-11,https://bj.ke.com/ershoufang/101102479145.html
今典花园,710,92412,海淀,小西天,76.83㎡,59.22㎡,2室1厅1厨1卫,西北,2018-04-17,https://bj.ke.com/ershoufang/101102778592.html
今典花园,840,92931,海淀,小西天,90.39㎡,69.67㎡,2室2厅1厨1卫,东南,2018-05-22,https://bj.ke.com/ershoufang/101102896560.html
今典花园,695,95599,海淀,小西天,72.7㎡,暂无数据,2室1厅1厨1卫,南,2018-05-30,https://bj.ke.com/ershoufang/101102924425.html
今典花园,660,96846,海淀,小西天,68.15㎡,44.87㎡,2室1厅1厨1卫,西,2018-06-11,https://bj.ke.com/ershoufang/101102968859.html
北三环中路40号院,850,107691,海淀,小西天,78.93㎡,61.16㎡,2室1厅1厨1卫,东南,2017-08-17,https://bj.ke.com/ershoufang/101101958167.html
师大北路21号院,820,99238,海淀,小西天,82.63㎡,暂无数据,2室1厅1厨1卫,南 北,2018-04-14,https://bj.ke.com/ershoufang/101102767671.html
师大北路21号院,799,98679,海淀,小西天,80.97㎡,暂无数据,2室1厅1厨1卫,东 西,2018-06-10,https://bj.ke.com/ershoufang/101102964572.html
文慧园北路4号院,820,94037,海淀,小西天,87.2㎡,暂无数据,2室1厅1厨2卫,南 北,2018-04-25,https://bj.ke.com/ershoufang/101102807383.html
文慧园北路4号院,652,94906,海淀,小西天,68.7㎡,暂无数据,2室1厅1厨1卫,东 西,2018-05-17,https://bj.ke.com/ershoufang/101102880320.html
五月华庭,650,87862,海淀,新街口,73.98㎡,54.46㎡,2室1厅1厨1卫,东南,2018-04-23,https://bj.ke.com/ershoufang/101102800550.html
文慧园路2号院,680,99956,海淀,新街口,68.03㎡,47.82㎡,2室1厅1厨1卫,南 北,2018-05-10,https://bj.ke.com/ershoufang/101102857668.html
保利西山林语,675,69710,海淀,海淀北部新区,96.83㎡,77.89㎡,2室1厅1厨1卫,南 北,2016-11-24,https://bj.ke.com/ershoufang/101100876992.html
保利西山林语,650,71249,海淀,海淀北部新区,91.23㎡,75.95㎡,2室1厅1厨1卫,南 北,2018-01-23,https://bj.ke.com/ershoufang/101102513991.html
保利西山林语,660,68323,海淀,海淀北部新区,96.6㎡,79.28㎡,2室1厅1厨1卫,南 北,2018-06-16,https://bj.ke.com/ershoufang/101102983237.html
冠城大通百旺府,780,72809,海淀,海淀北部新区,107.13㎡,89.94㎡,2室2厅1厨2卫,南 北,2017-12-02,https://bj.ke.com/ershoufang/101102362216.html
冠城大通百旺府,810,76394,海淀,海淀北部新区,106.03㎡,89.18㎡,2室1厅1厨2卫,南 北,2018-03-07,https://bj.ke.com/ershoufang/101102618838.html
冠城大通百旺府,760,70942,海淀,海淀北部新区,107.13㎡,89.94㎡,2室1厅1厨2卫,南 北,2018-03-31,https://bj.ke.com/ershoufang/101102717227.html
冠城大通百旺府,650,64249,海淀,海淀北部新区,101.17㎡,83.58㎡,2室2厅1厨1卫,西南,2018-04-12,https://bj.ke.com/ershoufang/101102763904.html
冠城大通百旺府,850,71543,海淀,海淀北部新区,118.81㎡,104.41㎡,2室1厅1厨2卫,南 北,2018-04-29,https://bj.ke.com/ershoufang/101102817970.html
冠城大通百旺府,650,74894,海淀,海淀北部新区,86.79㎡,68.62㎡,2室1厅1厨1卫,南,2018-04-29,https://bj.ke.com/ershoufang/101102820367.html
冠城大通百旺府,780,67697,海淀,海淀北部新区,115.22㎡,93.81㎡,2室2厅1厨1卫,南 北,2018-05-24,https://bj.ke.com/ershoufang/101102905948.html
冠城大通百旺府,835,73188,海淀,海淀北部新区,114.09㎡,94.83㎡,2室2厅1厨1卫,南 北,2018-05-27,https://bj.ke.com/ershoufang/101102915668.html
冠城大通百旺府,650,66688,海淀,海淀北部新区,97.47㎡,82.83㎡,2室1厅1厨1卫,南 北,2018-06-19,https://bj.ke.com/ershoufang/101102995126.html
正源尚峰尚水,670,62805,海淀,海淀北部新区,106.68㎡,91.41㎡,2室1厅1厨1卫,南 北,2018-06-24,https://bj.ke.com/ershoufang/101103014545.html
世华龙樾,650,85538,海淀,清河,75.99㎡,62.66㎡,2室1厅1厨1卫,南 北,2018-04-14,https://bj.ke.com/ershoufang/101102771431.html
世华龙樾,715,94241,海淀,清河,75.87㎡,62.56㎡,2室1厅1厨1卫,南,2018-06-30,https://bj.ke.com/ershoufang/101103036240.html
力度家园,700,63493,海淀,清河,110.25㎡,86.44㎡,2室2厅1厨2卫,南 北,2018-05-09,https://bj.ke.com/ershoufang/101102854489.html
力度家园,710,65517,海淀,清河,108.37㎡,84.97㎡,2室2厅1厨1卫,东 西,2018-06-24,https://bj.ke.com/ershoufang/101103012881.html
宝盛里,700,64707,海淀,清河,108.18㎡,暂无数据,2室1厅1厨1卫,东 西,2017-12-15,https://bj.ke.com/ershoufang/101102402579.html
强佑清河新城,820,76223,海淀,清河,107.58㎡,80.63㎡,2室1厅1厨2卫,南 北,2017-10-13,https://bj.ke.com/ershoufang/101102187738.html
强佑清河新城,668,76169,海淀,清河,87.7㎡,70.45㎡,2室1厅1厨1卫,东,2017-11-08,https://bj.ke.com/ershoufang/101102284725.html
强佑清河新城,675,68390,海淀,清河,98.7㎡,77.1㎡,2室1厅1厨1卫,东,2017-12-03,https://bj.ke.com/ershoufang/101102364069.html
强佑清河新城,695,72351,海淀,清河,96.06㎡,75.04㎡,2室2厅1厨1卫,西南,2018-02-25,https://bj.ke.com/ershoufang/101102571853.html
强佑清河新城,685,73302,海淀,清河,93.45㎡,73.86㎡,2室1厅1厨1卫,西南,2018-03-17,https://bj.ke.com/ershoufang/101102663423.html
强佑清河新城,660,74409,海淀,清河,88.7㎡,70.74㎡,2室1厅1厨1卫,西,2018-05-28,https://bj.ke.com/ershoufang/101102919924.html
强佑清河新城,688,73623,海淀,清河,93.45㎡,73.86㎡,2室1厅1厨1卫,西南,2018-06-02,https://bj.ke.com/ershoufang/101102938467.html
怡清园,770,67255,海淀,清河,114.49㎡,102.79㎡,2室2厅1厨1卫,南,2017-10-16,https://bj.ke.com/ershoufang/101102199024.html
怡清园,770,68022,海淀,清河,113.2㎡,101.68㎡,2室1厅1厨1卫,东 南,2017-11-20,https://bj.ke.com/ershoufang/101102323084.html
怡清园,760,66382,海淀,清河,114.49㎡,102.79㎡,2室1厅1厨1卫,南,2018-05-29,https://bj.ke.com/ershoufang/101102922205.html
橡树湾,670,93799,海淀,清河,71.43㎡,56.09㎡,2室1厅1厨1卫,东,2018-03-22,https://bj.ke.com/ershoufang/101102682737.html
橡树湾,830,93029,海淀,清河,89.22㎡,70.22㎡,2室1厅1厨1卫,东南,2018-05-27,https://bj.ke.com/ershoufang/101102915843.html
橡树湾,830,92759,海淀,清河,89.48㎡,70.26㎡,2室1厅1厨1卫,西南,2018-06-01,https://bj.ke.com/ershoufang/101102932162.html
永泰园,660,59990,海淀,清河,110.02㎡,95.08㎡,2室2厅1厨1卫,西 北,2017-06-23,https://bj.ke.com/ershoufang/101101729917.html
永泰园,750,57261,海淀,清河,130.98㎡,113.77㎡,2室1厅1厨1卫,东南,2017-09-16,https://bj.ke.com/ershoufang/101102089324.html
永泰园,670,72121,海淀,清河,92.9㎡,暂无数据,2室1厅1厨1卫,南 北,2018-02-02,https://bj.ke.com/ershoufang/101102540209.html
永泰园,720,54042,海淀,清河,133.23㎡,暂无数据,2室2厅1厨2卫,西,2018-05-24,https://bj.ke.com/ershoufang/101102906294.html
永泰园,708,63080,海淀,清河,112.24㎡,暂无数据,2室2厅1厨1卫,南 北,2018-05-29,https://bj.ke.com/ershoufang/101102920552.html
永泰园,700,63625,海淀,清河,110.02㎡,95.08㎡,2室2厅1厨1卫,东,2018-06-20,https://bj.ke.com/ershoufang/101102996462.html
永泰园,670,56761,海淀,清河,118.04㎡,102.39㎡,2室1厅1厨1卫,西南,2018-06-25,https://bj.ke.com/ershoufang/101103015989.html
清景园,670,67568,海淀,清河,99.16㎡,80.26㎡,2室1厅1厨1卫,南 北,2017-09-16,https://bj.ke.com/ershoufang/101102085163.html
清景园,650,66118,海淀,清河,98.31㎡,80.55㎡,2室1厅1厨1卫,南 北,2017-09-30,https://bj.ke.com/ershoufang/101102144178.html
清景园,680,67414,海淀,清河,100.87㎡,80.16㎡,2室1厅1厨1卫,南,2018-02-04,https://bj.ke.com/ershoufang/101102544264.html
清景园,650,65413,海淀,清河,99.37㎡,80.43㎡,2室1厅1厨1卫,南 北,2018-04-19,https://bj.ke.com/ershoufang/101102786416.html
清景园,680,68198,海淀,清河,99.71㎡,79.24㎡,2室1厅1厨1卫,南 北,2018-04-24,https://bj.ke.com/ershoufang/101102801456.html
清缘东里,670,75045,海淀,清河,89.28㎡,76.07㎡,2室1厅1厨1卫,西南,2017-11-25,https://bj.ke.com/ershoufang/101102339576.html
清缘东里,650,70515,海淀,清河,92.18㎡,78.54㎡,2室2厅1厨1卫,南 北,2018-03-05,https://bj.ke.com/ershoufang/101102611643.html
清缘东里,673,74242,海淀,清河,90.65㎡,78.34㎡,2室1厅1厨1卫,南 北,2018-05-28,https://bj.ke.com/ershoufang/101102917618.html
燕清源,700,67095,海淀,清河,104.33㎡,83.19㎡,2室1厅1厨1卫,南 西 北,2018-05-04,https://bj.ke.com/ershoufang/101102834806.html
燕清源,750,61759,海淀,清河,121.44㎡,95.72㎡,2室2厅1厨2卫,南,2018-05-26,https://bj.ke.com/ershoufang/101102909756.html
莱圳家园,680,71512,海淀,清河,95.09㎡,74.85㎡,2室2厅1厨1卫,东 南 西,2018-04-16,https://bj.ke.com/ershoufang/101102776591.html
莱圳家园,680,69092,海淀,清河,98.42㎡,76.42㎡,2室1厅1厨1卫,南 北,2018-05-06,https://bj.ke.com/ershoufang/101102841616.html
莱圳家园,700,71531,海淀,清河,97.86㎡,75.98㎡,2室2厅1厨1卫,南 北,2018-05-19,https://bj.ke.com/ershoufang/101102886751.html
莱圳家园,690,70108,海淀,清河,98.42㎡,76.42㎡,2室2厅1厨1卫,南 北,2018-05-20,https://bj.ke.com/ershoufang/101102889982.html
观景园,718,79320,海淀,清河,90.52㎡,79.85㎡,2室1厅1厨1卫,南 北,2017-11-06,https://bj.ke.com/ershoufang/101102277936.html
观景园,700,76553,海淀,清河,91.44㎡,77.24㎡,2室1厅1厨1卫,南 北,2017-12-03,https://bj.ke.com/ershoufang/101102366988.html
观景园,678,79031,海淀,清河,85.79㎡,75.67㎡,2室1厅1厨1卫,西南,2018-02-23,https://bj.ke.com/ershoufang/101102560916.html
观景园,680,74366,海淀,清河,91.44㎡,77.24㎡,2室1厅1厨1卫,南 北,2018-02-28,https://bj.ke.com/ershoufang/101102589730.html
观景园,700,77726,海淀,清河,90.06㎡,79.58㎡,2室1厅1厨1卫,南 北,2018-03-06,https://bj.ke.com/ershoufang/101102616960.html
观景园,650,71085,海淀,清河,91.44㎡,77.24㎡,2室1厅1厨1卫,南 北,2018-04-02,https://bj.ke.com/ershoufang/101102728108.html
观景园,850,77711,海淀,清河,109.38㎡,91.6㎡,2室1厅1厨2卫,南 北,2018-04-24,https://bj.ke.com/ershoufang/101102803064.html
观景园,668,72918,海淀,清河,91.61㎡,77.38㎡,2室1厅1厨1卫,南 北,2018-05-07,https://bj.ke.com/ershoufang/101102848282.html
观景园,685,75591,海淀,清河,90.62㎡,79.85㎡,2室1厅1厨1卫,南 北,2018-06-20,https://bj.ke.com/ershoufang/101102997077.html
观景园,705,77781,海淀,清河,90.64㎡,80.03㎡,2室1厅1厨1卫,南 北,2018-06-26,https://bj.ke.com/ershoufang/101103019713.html
观景园,670,78235,海淀,清河,85.64㎡,75.67㎡,2室1厅1厨1卫,东南,2018-07-08,https://bj.ke.com/ershoufang/101103064834.html
观澳园,680,65777,海淀,清河,103.38㎡,暂无数据,2室2厅1厨1卫,南 北,2018-03-31,https://bj.ke.com/ershoufang/101102718295.html
观澳园,720,78784,海淀,清河,91.39㎡,75.77㎡,2室1厅0厨1卫,东 西,2018-04-30,https://bj.ke.com/ershoufang/101102823582.html
观澳园,700,70359,海淀,清河,99.49㎡,90.43㎡,2室1厅1厨1卫,南 北,2018-05-09,https://bj.ke.com/ershoufang/101102854668.html
观澳园,680,70219,海淀,清河,96.84㎡,85.32㎡,2室1厅1厨1卫,南 北,2018-05-17,https://bj.ke.com/ershoufang/101102879046.html
观澳园,700,69000,海淀,清河,101.45㎡,93.63㎡,2室1厅1厨2卫,南 北,2018-06-17,https://bj.ke.com/ershoufang/101102987263.html
中鑫嘉园,788,84495,海淀,牡丹园,93.26㎡,72.61㎡,2室1厅1厨1卫,西北,2017-10-15,https://bj.ke.com/ershoufang/101102194099.html
中鑫嘉园,810,86854,海淀,牡丹园,93.26㎡,72.61㎡,2室1厅1厨1卫,东 北,2017-10-29,https://bj.ke.com/ershoufang/101102247775.html
华盛家园,785,76103,海淀,牡丹园,103.15㎡,暂无数据,2室1厅1厨1卫,西北,2017-02-15,https://bj.ke.com/ershoufang/101101178318.html
华盛家园,825,79981,海淀,牡丹园,103.15㎡,暂无数据,2室1厅1厨1卫,西北,2017-11-06,https://bj.ke.com/ershoufang/101102276549.html
花园北路36号院,650,92199,海淀,牡丹园,70.5㎡,暂无数据,2室1厅1厨1卫,南 北,2018-07-11,https://bj.ke.com/ershoufang/101103077173.html
邮科社区,780,94192,海淀,牡丹园,82.81㎡,暂无数据,2室1厅1厨1卫,东北,2018-03-11,https://bj.ke.com/ershoufang/101102640435.html
邮科社区,800,96607,海淀,牡丹园,82.81㎡,55.91㎡,2室1厅1厨1卫,东北,2018-05-26,https://bj.ke.com/ershoufang/101102912324.html
都景苑,800,74774,海淀,牡丹园,106.99㎡,87.34㎡,2室1厅1厨1卫,西北,2017-09-01,https://bj.ke.com/ershoufang/101102025603.html
都景苑,830,77578,海淀,牡丹园,106.99㎡,87.34㎡,2室1厅1厨1卫,西北,2018-01-20,https://bj.ke.com/ershoufang/101102504521.html
都景苑,750,79031,海淀,牡丹园,94.9㎡,暂无数据,2室2厅1厨1卫,东南,2018-06-29,https://bj.ke.com/ershoufang/101103030462.html
龙翔路小区,830,95075,海淀,牡丹园,87.3㎡,暂无数据,2室1厅1厨1卫,西南,2018-06-03,https://bj.ke.com/ershoufang/101102941526.html
玉海园三里,675,77117,海淀,玉泉路,87.53㎡,暂无数据,2室2厅1厨1卫,南 北,2017-04-08,https://bj.ke.com/ershoufang/101101448483.html
玉海园三里,650,76175,海淀,玉泉路,85.33㎡,暂无数据,2室1厅1厨1卫,东 南,2018-07-06,https://bj.ke.com/ershoufang/101103059101.html
玉海园二里,660,79846,海淀,玉泉路,82.66㎡,暂无数据,2室1厅1厨1卫,东 南,2018-07-03,https://bj.ke.com/ershoufang/101103046050.html
玉海园五里,660,80488,海淀,玉泉路,82㎡,暂无数据,2室1厅1厨1卫,南 东 西,2018-06-23,https://bj.ke.com/ershoufang/101103011002.html
玉阜嘉园,650,70248,海淀,玉泉路,92.53㎡,78.83㎡,2室1厅1厨1卫,东 北,2017-09-28,https://bj.ke.com/ershoufang/101102136533.html
玉阜嘉园,780,68614,海淀,玉泉路,113.68㎡,97.8㎡,2室1厅1厨2卫,西北,2017-10-16,https://bj.ke.com/ershoufang/101102197847.html
玉阜嘉园,790,72966,海淀,玉泉路,108.27㎡,89.53㎡,2室1厅1厨2卫,东 西,2017-11-10,https://bj.ke.com/ershoufang/101102292120.html
玉阜嘉园,780,68614,海淀,玉泉路,113.68㎡,97.8㎡,2室2厅1厨2卫,东北,2018-02-08,https://bj.ke.com/ershoufang/101102551954.html
玉阜嘉园,760,70195,海淀,玉泉路,108.27㎡,89.53㎡,2室1厅1厨1卫,东 西,2018-05-12,https://bj.ke.com/ershoufang/101102863451.html
玉阜嘉园,780,73329,海淀,玉泉路,106.37㎡,87.96㎡,2室1厅1厨2卫,西,2018-05-16,https://bj.ke.com/ershoufang/101102875066.html
玉阜嘉园,715,72413,海淀,玉泉路,98.74㎡,暂无数据,2室1厅1厨1卫,东 西,2018-06-25,https://bj.ke.com/ershoufang/101103015785.html
海赋国际,695,103269,海淀,甘家口,67.3㎡,56.48㎡,2室1厅1厨1卫,东北,2017-12-16,https://bj.ke.com/ershoufang/101102406202.html
高第小区,780,92604,海淀,甘家口,84.23㎡,66.48㎡,2室1厅1厨1卫,西北,2018-01-30,https://bj.ke.com/ershoufang/101102530968.html
中国房子,840,73977,海淀,田村,113.55㎡,100.37㎡,2室1厅1厨2卫,南 北,2018-05-16,https://bj.ke.com/ershoufang/101102876190.html
丹青府,750,85725,海淀,田村,87.49㎡,70.13㎡,2室1厅1厨1卫,南 北,2018-05-16,https://bj.ke.com/ershoufang/101102878851.html
丹青府,766,87553,海淀,田村,87.49㎡,70.13㎡,2室1厅1厨1卫,南 北,2018-06-27,https://bj.ke.com/ershoufang/101103024766.html
乐府江南,780,94891,海淀,田村,82.2㎡,70.68㎡,2室1厅1厨2卫,西北,2017-03-25,https://bj.ke.com/ershoufang/101101386819.html
乐府江南,781,94897,海淀,田村,82.3㎡,70.77㎡,2室1厅1厨2卫,西北,2017-07-05,https://bj.ke.com/ershoufang/101101779486.html
乐府江南,840,89591,海淀,田村,93.76㎡,80.62㎡,2室2厅1厨2卫,西,2017-11-24,https://bj.ke.com/ershoufang/101102334510.html
兰德华庭,780,76992,海淀,田村,101.31㎡,84.31㎡,2室1厅1厨1卫,南 西,2018-03-30,https://bj.ke.com/ershoufang/101102715458.html
景宜里,668,68753,海淀,田村,97.16㎡,83.74㎡,2室1厅1厨1卫,南,2018-04-15,https://bj.ke.com/ershoufang/101102772049.html
景宜里,718,74777,海淀,田村,96.02㎡,83.49㎡,2室1厅1厨1卫,南 北,2018-04-18,https://bj.ke.com/ershoufang/101102782636.html
永达逸家,660,65731,海淀,田村,100.41㎡,86.74㎡,2室1厅1厨1卫,南 北,2018-02-04,https://bj.ke.com/ershoufang/101102544032.html
永达逸家,680,68328,海淀,田村,99.52㎡,85.8㎡,2室1厅1厨2卫,西北,2018-04-28,https://bj.ke.com/ershoufang/101102816268.html
熙湖,780,66519,海淀,田村,117.26㎡,96.48㎡,2室2厅1厨2卫,南 北,2018-04-19,https://bj.ke.com/ershoufang/101102786293.html
熙湖,748,64920,海淀,田村,115.22㎡,96.28㎡,2室2厅1厨2卫,东 西,2018-05-05,https://bj.ke.com/ershoufang/101102840369.html
熙湖,800,69433,海淀,田村,115.22㎡,96.28㎡,2室2厅1厨2卫,东 西,2018-05-05,https://bj.ke.com/ershoufang/101102840494.html
熙湖,760,66220,海淀,田村,114.77㎡,95.9㎡,2室1厅1厨2卫,东 西,2018-06-04,https://bj.ke.com/ershoufang/101102943368.html
熙湖,800,70281,海淀,田村,113.83㎡,95.12㎡,2室1厅1厨2卫,东 南 西,2018-07-06,https://bj.ke.com/ershoufang/101103058939.html
田村33号院,680,65047,海淀,田村,104.54㎡,暂无数据,2室1厅1厨1卫,南,2018-05-16,https://bj.ke.com/ershoufang/101102878300.html
碧森里,720,78905,海淀,田村,91.25㎡,76.76㎡,2室2厅1厨1卫,南 北,2017-12-04,https://bj.ke.com/ershoufang/101102367988.html
碧森里,720,79296,海淀,田村,90.8㎡,76.7㎡,2室2厅1厨1卫,南 北,2018-06-30,https://bj.ke.com/ershoufang/101103033681.html
绿谷雅园,657,71937,海淀,田村,91.33㎡,81.49㎡,2室1厅1厨1卫,南 北,2018-04-18,https://bj.ke.com/ershoufang/101102781854.html
绿谷雅园,650,57974,海淀,田村,112.12㎡,100.58㎡,2室2厅1厨1卫,南 北,2018-04-21,https://bj.ke.com/ershoufang/101102792710.html
绿谷雅园,720,67404,海淀,田村,106.82㎡,96.04㎡,2室1厅1厨1卫,南 北,2018-06-22,https://bj.ke.com/ershoufang/101103003997.html
西山洋房,650,72416,海淀,田村,89.76㎡,73.9㎡,2室1厅1厨1卫,南 北,2018-01-06,https://bj.ke.com/ershoufang/101102465577.html
雅世合金公寓,808,89361,海淀,田村,90.42㎡,72.51㎡,2室1厅1厨2卫,东 西,2017-06-07,https://bj.ke.com/ershoufang/101101671002.html
雅世合金公寓,679,94332,海淀,田村,71.98㎡,57.72㎡,2室1厅1厨2卫,东,2018-01-18,https://bj.ke.com/ershoufang/101102499466.html
雅世合金公寓,840,94680,海淀,田村,88.72㎡,75.38㎡,2室1厅1厨1卫,南 北,2018-03-02,https://bj.ke.com/ershoufang/101102599265.html
雅世合金公寓,790,92301,海淀,田村,85.59㎡,69.73㎡,2室1厅1厨1卫,东南,2018-05-13,https://bj.ke.com/ershoufang/101102868828.html
雅世合金公寓,670,91182,海淀,田村,73.48㎡,58.93㎡,2室1厅1厨1卫,东,2018-05-25,https://bj.ke.com/ershoufang/101102909054.html
雅世合金公寓,800,88477,海淀,田村,90.42㎡,72.51㎡,2室1厅1厨2卫,东 西,2018-05-27,https://bj.ke.com/ershoufang/101102916623.html
雅世合金公寓,835,89258,海淀,田村,93.55㎡,78.99㎡,2室1厅1厨1卫,南,2018-06-12,https://bj.ke.com/ershoufang/101102973345.html
雪芳园,749,71395,海淀,田村,104.91㎡,89.22㎡,2室2厅1厨1卫,南 西,2018-05-31,https://bj.ke.com/ershoufang/101102928506.html
天作国际中心,850,68888,海淀,皂君庙,123.39㎡,85.91㎡,2室1厅1厨1卫,西北,2018-05-17,https://bj.ke.com/ershoufang/101102880437.html
学院派,680,79172,海淀,皂君庙,85.89㎡,63.67㎡,2室1厅1厨1卫,东,2018-03-04,https://bj.ke.com/ershoufang/101102607528.html
学院派,680,79172,海淀,皂君庙,85.89㎡,63.67㎡,2室1厅1厨1卫,西,2018-05-28,https://bj.ke.com/ershoufang/101102919369.html
文林大厦,655,62139,海淀,皂君庙,105.41㎡,79.06㎡,2室1厅1厨1卫,东南,2018-05-20,https://bj.ke.com/ershoufang/101102890438.html
太月园,790,94589,海淀,知春路,83.52㎡,75㎡,2室1厅1厨1卫,东南,2017-08-27,https://bj.ke.com/ershoufang/101102003262.html
太月园,750,83940,海淀,知春路,89.35㎡,暂无数据,2室1厅1厨1卫,南 西,2017-12-08,https://bj.ke.com/ershoufang/101102379771.html
太月园,800,89396,海淀,知春路,89.49㎡,暂无数据,2室1厅1厨1卫,东南,2018-03-31,https://bj.ke.com/ershoufang/101102720937.html
太月园,790,87788,海淀,知春路,89.99㎡,75㎡,2室1厅1厨1卫,东南,2018-05-27,https://bj.ke.com/ershoufang/101102914170.html
太月园,850,94455,海淀,知春路,89.99㎡,暂无数据,2室1厅1厨1卫,东南,2018-06-16,https://bj.ke.com/ershoufang/101102986537.html
太月园,760,84926,海淀,知春路,89.49㎡,暂无数据,2室1厅1厨1卫,东南,2018-07-11,https://bj.ke.com/ershoufang/101103076568.html
太阳园,750,97013,海淀,知春路,77.31㎡,62.75㎡,2室1厅1厨1卫,东南,2017-12-27,https://bj.ke.com/ershoufang/101102438533.html
汉荣家园,680,80914,海淀,知春路,84.04㎡,暂无数据,2室2厅1厨1卫,东,2017-10-06,https://bj.ke.com/ershoufang/101102158967.html
汉荣家园,738,87545,海淀,知春路,84.3㎡,暂无数据,2室1厅1厨1卫,西南,2018-03-30,https://bj.ke.com/ershoufang/101102713399.html
汉荣家园,830,90464,海淀,知春路,91.75㎡,暂无数据,2室2厅1厨1卫,东 西北,2018-05-01,https://bj.ke.com/ershoufang/101102824640.html
汉荣家园,720,85410,海淀,知春路,84.3㎡,暂无数据,2室1厅1厨1卫,西,2018-06-16,https://bj.ke.com/ershoufang/101102986369.html
汉荣家园,740,88054,海淀,知春路,84.04㎡,暂无数据,2室2厅1厨1卫,东,2018-06-18,https://bj.ke.com/ershoufang/101102990487.html
碧兴园,720,80107,海淀,知春路,89.88㎡,72.12㎡,2室1厅1厨1卫,西,2018-02-01,https://bj.ke.com/ershoufang/101102537188.html
碧兴园,850,74197,海淀,知春路,114.56㎡,93.47㎡,2室1厅1厨1卫,东 北,2018-02-06,https://bj.ke.com/ershoufang/101102548144.html
碧兴园,820,83640,海淀,知春路,98.04㎡,79.99㎡,2室1厅1厨1卫,东,2018-02-27,https://bj.ke.com/ershoufang/101102584233.html
碧兴园,760,99607,海淀,知春路,76.3㎡,61.26㎡,2室1厅1厨1卫,南,2018-03-03,https://bj.ke.com/ershoufang/101102604567.html
碧兴园,799,81498,海淀,知春路,98.04㎡,79.99㎡,2室1厅1厨1卫,西南,2018-03-15,https://bj.ke.com/ershoufang/101102658715.html
罗庄南里,700,81920,海淀,知春路,85.45㎡,暂无数据,2室2厅1厨1卫,南 北,2018-03-16,https://bj.ke.com/ershoufang/101102658887.html
锦秋知春,800,93524,海淀,知春路,85.54㎡,暂无数据,2室1厅1厨1卫,西北,2018-03-31,https://bj.ke.com/ershoufang/101102718452.html
三虎桥南路25号院,650,91037,海淀,紫竹桥,71.4㎡,暂无数据,2室1厅1厨1卫,东 南 北,2018-05-24,https://bj.ke.com/ershoufang/101102904327.html
北洼东里,688,89876,海淀,紫竹桥,76.55㎡,暂无数据,2室1厅1厨1卫,东南,2018-07-11,https://bj.ke.com/ershoufang/101103076177.html
气象西苑,700,77943,海淀,紫竹桥,89.81㎡,暂无数据,2室1厅1厨1卫,东,2018-03-10,https://bj.ke.com/ershoufang/101102633870.html
豪柏国际公寓,814,87972,海淀,紫竹桥,92.53㎡,76.38㎡,2室1厅1厨1卫,南,2018-05-05,https://bj.ke.com/ershoufang/101102840096.html
豪柏国际公寓,665,79575,海淀,紫竹桥,83.57㎡,65.9㎡,2室1厅1厨1卫,西南,2018-05-09,https://bj.ke.com/ershoufang/101102853469.html
豪柏国际公寓,680,82948,海淀,紫竹桥,81.98㎡,64.65㎡,2室1厅1厨1卫,东南,2018-05-18,https://bj.ke.com/ershoufang/101102883963.html
财智公馆,666,64982,海淀,紫竹桥,102.49㎡,80.41㎡,2室1厅1厨2卫,东,2018-07-06,https://bj.ke.com/ershoufang/101103059017.html
万泉河62号院,750,93133,海淀,苏州桥,80.53㎡,54.42㎡,2室1厅1厨1卫,东南,2018-04-11,https://bj.ke.com/ershoufang/101102759350.html
万泉河62号院,750,90156,海淀,苏州桥,83.19㎡,暂无数据,2室1厅1厨1卫,北,2018-06-18,https://bj.ke.com/ershoufang/101102992596.html
友谊社区,830,101704,海淀,苏州桥,81.61㎡,57.47㎡,2室1厅1厨1卫,南 北,2017-11-26,https://bj.ke.com/ershoufang/101102341136.html
大河庄苑,780,112344,海淀,苏州桥,69.43㎡,58.25㎡,2室1厅1厨1卫,东南,2018-05-22,https://bj.ke.com/ershoufang/101102897232.html
小南庄怡秀园,810,105373,海淀,苏州桥,76.87㎡,暂无数据,2室1厅1厨1卫,南 北,2018-04-17,https://bj.ke.com/ershoufang/101102780204.html
稻香园西里,740,107935,海淀,苏州桥,68.56㎡,暂无数据,2室1厅1厨1卫,东 西,2018-05-14,https://bj.ke.com/ershoufang/101102869483.html
紫金庄园,770,82975,海淀,苏州桥,92.8㎡,80㎡,2室1厅1厨1卫,东,2018-03-20,https://bj.ke.com/ershoufang/101102677764.html
艾瑟顿,770,74940,海淀,苏州桥,102.75㎡,72.76㎡,2室1厅1厨1卫,西 东北,2017-02-15,https://bj.ke.com/ershoufang/101101175073.html
新康园,650,55123,海淀,西三旗,117.92㎡,95.8㎡,2室1厅1厨2卫,东 西北,2018-01-07,https://bj.ke.com/ershoufang/101102469881.html
枫丹丽舍,730,74105,海淀,西三旗,98.51㎡,89.1㎡,2室1厅1厨1卫,南 北,2018-05-29,https://bj.ke.com/ershoufang/101102922785.html
枫丹丽舍,766,68516,海淀,西三旗,111.8㎡,102.5㎡,2室2厅1厨1卫,南 北,2018-06-09,https://bj.ke.com/ershoufang/101102963332.html
枫丹丽舍,750,71971,海淀,西三旗,104.21㎡,95.04㎡,2室2厅1厨1卫,南 北,2018-06-21,https://bj.ke.com/ershoufang/101103000760.html
枫丹丽舍,760,70423,海淀,西三旗,107.92㎡,暂无数据,2室2厅1厨1卫,南 北,2018-06-30,https://bj.ke.com/ershoufang/101103036235.html
育新花园,660,71654,海淀,西三旗,92.11㎡,64.01㎡,2室1厅1厨1卫,东南,2018-03-09,https://bj.ke.com/ershoufang/101102628462.html
博雅德园,665,73514,海淀,西二旗,90.46㎡,74.87㎡,2室1厅1厨1卫,南 北,2017-10-04,https://bj.ke.com/ershoufang/101102152573.html
博雅德园,690,66564,海淀,西二旗,103.66㎡,84.07㎡,2室2厅1厨1卫,南,2018-06-21,https://bj.ke.com/ershoufang/101103000328.html
博雅德园,650,68733,海淀,西二旗,94.57㎡,80.84㎡,2室1厅1厨1卫,南,2018-06-22,https://bj.ke.com/ershoufang/101103004150.html
博雅德园,670,70900,海淀,西二旗,94.5㎡,80.78㎡,2室1厅1厨1卫,南 北,2018-07-01,https://bj.ke.com/ershoufang/101103036617.html
领秀新硅谷1号院,850,89174,海淀,西二旗,95.32㎡,暂无数据,2室1厅1厨1卫,南 北,2017-10-06,https://bj.ke.com/ershoufang/101102159812.html
领秀新硅谷1号院,800,83595,海淀,西二旗,95.7㎡,81.78㎡,2室1厅1厨1卫,南 北,2018-05-26,https://bj.ke.com/ershoufang/101102912073.html
领秀新硅谷1号院,820,86262,海淀,西二旗,95.06㎡,80.48㎡,2室2厅1厨1卫,南 北,2018-06-19,https://bj.ke.com/ershoufang/101102995556.html
领秀新硅谷2号院,680,83972,海淀,西二旗,80.98㎡,71.18㎡,2室1厅1厨1卫,东 西,2018-03-13,https://bj.ke.com/ershoufang/101102648917.html
领秀新硅谷2号院,690,78939,海淀,西二旗,87.41㎡,73.14㎡,2室1厅1厨1卫,南,2018-05-15,https://bj.ke.com/ershoufang/101102874710.html
润千秋佳苑,670,83521,海淀,西北旺,80.22㎡,66.36㎡,2室1厅1厨1卫,东 西,2018-06-18,https://bj.ke.com/ershoufang/101102990370.html
百旺茉莉园,755,86533,海淀,西北旺,87.25㎡,74.5㎡,2室1厅1厨1卫,东南,2017-09-13,https://bj.ke.com/ershoufang/101102073602.html
百旺茉莉园,738,83702,海淀,西北旺,88.17㎡,75.33㎡,2室1厅1厨1卫,南,2018-05-16,https://bj.ke.com/ershoufang/101102876164.html
百旺茉莉园,750,85960,海淀,西北旺,87.25㎡,74.5㎡,2室1厅1厨1卫,南,2018-05-19,https://bj.ke.com/ershoufang/101102885869.html
西山公馆,850,77035,海淀,西北旺,110.34㎡,90.05㎡,2室1厅1厨2卫,东 西,2017-06-25,https://bj.ke.com/ershoufang/101101740061.html
西山公馆,850,77133,海淀,西北旺,110.2㎡,90.05㎡,2室1厅1厨2卫,东 西,2017-12-15,https://bj.ke.com/ershoufang/101102403077.html
交大嘉园,820,99709,海淀,西直门,82.24㎡,69㎡,2室1厅1厨1卫,西,2018-04-30,https://bj.ke.com/ershoufang/101102822022.html
交大嘉园,820,99612,海淀,西直门,82.32㎡,69㎡,2室1厅1厨1卫,西,2018-07-01,https://bj.ke.com/ershoufang/101103037420.html
海云轩,715,76129,海淀,西直门,93.92㎡,72.56㎡,2室1厅1厨1卫,西,2017-11-18,https://bj.ke.com/ershoufang/101102316114.html
远洋风景,720,98820,海淀,西直门,72.86㎡,暂无数据,2室1厅1厨1卫,东 西,2017-11-11,https://bj.ke.com/ershoufang/101102293630.html
北坞嘉园北里,780,81667,海淀,颐和园,95.51㎡,81.36㎡,2室2厅1厨1卫,南 北,2018-05-09,https://bj.ke.com/ershoufang/101102852993.html
新建宫门11号院,780,103848,海淀,颐和园,75.11㎡,58.83㎡,2室1厅1厨1卫,东北,2018-05-16,https://bj.ke.com/ershoufang/101102876425.html
七彩华园,698,70863,海淀,马连洼,98.5㎡,89.08㎡,2室1厅1厨1卫,东 南 北,2017-03-27,https://bj.ke.com/ershoufang/101101397618.html
七彩华园,760,82127,海淀,马连洼,92.54㎡,暂无数据,2室1厅1厨1卫,南 北,2017-11-17,https://bj.ke.com/ershoufang/101102313803.html
七彩华园,838,73781,海淀,马连洼,113.58㎡,102.72㎡,2室2厅1厨2卫,南 北,2018-05-13,https://bj.ke.com/ershoufang/101102868139.html
七彩华园,850,75202,海淀,马连洼,113.03㎡,102.27㎡,2室2厅1厨2卫,南 北,2018-05-30,https://bj.ke.com/ershoufang/101102926718.html
博雅西园,850,77140,海淀,马连洼,110.19㎡,95.84㎡,2室1厅1厨2卫,南 北,2018-04-14,https://bj.ke.com/ershoufang/101102769004.html
天秀花园安和园,835,80181,海淀,马连洼,104.14㎡,暂无数据,2室2厅1厨1卫,东南,2017-11-16,https://bj.ke.com/ershoufang/101102311589.html
天秀花园安和园,798,86476,海淀,马连洼,92.28㎡,暂无数据,2室2厅1厨1卫,南 北,2018-05-03,https://bj.ke.com/ershoufang/101102832614.html
天秀花园安和园,650,92554,海淀,马连洼,70.23㎡,暂无数据,2室1厅1厨1卫,南 北,2018-05-18,https://bj.ke.com/ershoufang/101102882974.html
天秀花园安和园,750,88747,海淀,马连洼,84.51㎡,暂无数据,2室2厅1厨1卫,南 北,2018-05-21,https://bj.ke.com/ershoufang/101102895223.html
天秀花园安和园,660,78348,海淀,马连洼,84.24㎡,暂无数据,2室2厅1厨1卫,南 北,2018-06-01,https://bj.ke.com/ershoufang/101102930501.html
天秀花园安和园,660,84486,海淀,马连洼,78.12㎡,暂无数据,2室2厅1厨1卫,南 北,2018-06-02,https://bj.ke.com/ershoufang/101102937631.html
天秀花园安和园,730,85271,海淀,马连洼,85.61㎡,暂无数据,2室2厅1厨1卫,南 北,2018-06-09,https://bj.ke.com/ershoufang/101102962673.html
天秀花园安和园,850,81621,海淀,马连洼,104.14㎡,95.86㎡,2室2厅1厨1卫,东南,2018-06-16,https://bj.ke.com/ershoufang/101102985332.html
天秀花园安和园,655,76510,海淀,马连洼,85.61㎡,暂无数据,2室2厅1厨1卫,南 北,2018-06-24,https://bj.ke.com/ershoufang/101103012323.html
天秀花园安和园,710,90886,海淀,马连洼,78.12㎡,暂无数据,2室2厅1厨1卫,南 北,2018-06-25,https://bj.ke.com/ershoufang/101103016693.html
天秀花园安和园,730,85501,海淀,马连洼,85.38㎡,暂无数据,2室2厅1厨1卫,南 北,2018-06-28,https://bj.ke.com/ershoufang/101103028611.html
天秀花园澄秀园,725,79978,海淀,马连洼,90.65㎡,80.58㎡,2室1厅1厨1卫,南 北,2018-05-28,https://bj.ke.com/ershoufang/101102920122.html
梅园甲,720,68364,海淀,马连洼,105.32㎡,暂无数据,2室1厅1厨1卫,南 北,2018-06-15,https://bj.ke.com/ershoufang/101102981024.html
百旺家苑,680,75548,海淀,马连洼,90.01㎡,80㎡,2室1厅1厨1卫,南 北,2017-11-05,https://bj.ke.com/ershoufang/101102271826.html
百旺家苑,850,90148,海淀,马连洼,94.29㎡,79.11㎡,2室1厅1厨2卫,南 北,2018-06-19,https://bj.ke.com/ershoufang/101102994687.html
裕祺隆园,739,79360,海淀,马连洼,93.12㎡,81.86㎡,2室2厅1厨1卫,东 西,2017-06-21,https://bj.ke.com/ershoufang/101101722282.html
裕祺隆园,800,87595,海淀,马连洼,91.33㎡,80.28㎡,2室1厅1厨1卫,东 西,2018-06-27,https://bj.ke.com/ershoufang/101103023784.html
裕隆新村,700,76145,海淀,马连洼,91.93㎡,79.58㎡,2室1厅1厨1卫,南 北,2017-06-06,https://bj.ke.com/ershoufang/101101669872.html
裕隆新村,700,80888,海淀,马连洼,86.54㎡,76.44㎡,2室2厅1厨1卫,南 北,2018-04-20,https://bj.ke.com/ershoufang/101102790784.html
裕隆新村,680,80000,海淀,马连洼,85㎡,75.08㎡,2室2厅1厨1卫,南 北,2018-04-20,https://bj.ke.com/ershoufang/101102790795.html
民族大学西路60号院,651,82772,海淀,魏公村,78.65㎡,暂无数据,2室1厅1厨1卫,西,2018-06-14,https://bj.ke.com/ershoufang/101102977857.html
韦伯豪家园,750,95323,海淀,魏公村,78.68㎡,暂无数据,2室1厅1厨1卫,南,2017-04-01,https://bj.ke.com/ershoufang/101101416435.html
